CustomerID,SubscriptionType,MonthlyFee,TotalWatchHours,NumDevices,HasAutoRenew,LastPaymentMissed,AvgWatchTimePerDay
2001,Basic,17.99,146,1,0,0,3.803424
2002,Premium,13.99,566,1,0,0,1.654959
2003,Standard,13.99,618,1,0,1,1.111273
2004,Standard,17.99,118,2,0,1,5.966723
2005,Basic,8.99,167,2,0,0,5.423045
2006,Basic,8.99,108,5,1,1,5.060209
2007,Basic,17.99,82,1,1,1,0.792598
2008,Premium,13.99,367,3,1,1,5.562373
2009,Standard,8.99,99,5,0,0,3.128264
2010,Standard,17.99,538,1,1,0,2.554371
2011,Basic,8.99,68,1,1,1,3.778858
2012,Premium,8.99,246,2,1,1,1.048119
2013,Premium,17.99,499,5,0,0,5.039879
2014,Basic,17.99,608,1,1,1,3.99461
2015,Basic,17.99,501,1,0,0,1.619541
2016,Basic,13.99,338,5,1,1,1.629393
2017,Basic,8.99,190,3,0,1,1.605492
2018,Standard,13.99,133,5,0,1,0.842014
2019,Standard,8.99,440,5,0,0,4.026791
2020,Basic,17.99,640,3,1,0,5.542089
2021,Standard,8.99,264,5,1,0,0.604989
2022,Basic,17.99,575,1,0,0,0.794028
2023,Basic,8.99,264,5,1,1,3.936622
2024,Basic,17.99,452,3,0,1,5.416974
2025,Standard,13.99,177,4,0,0,2.460433
2026,Standard,17.99,526,5,1,1,2.597686
2027,Basic,13.99,453,2,1,1,4.078079
2028,Standard,13.99,78,1,1,0,2.145277
2029,Standard,13.99,387,1,0,1,0.65965
2030,Basic,13.99,410,2,0,1,4.911371
2031,Standard,8.99,618,2,1,0,4.253899
2032,Basic,8.99,441,5,0,1,3.984536
2033,Basic,17.99,267,2,1,1,4.950105
2034,Premium,8.99,623,4,0,1,4.551385
2035,Premium,8.99,251,3,1,0,1.735292
2036,Premium,13.99,66,2,1,0,2.614886
2037,Basic,17.99,371,2,0,1,1.256661
2038,Basic,17.99,567,4,1,1,1.279142
2039,Standard,8.99,619,1,1,1,4.557174
2040,Standard,13.99,374,1,0,0,5.651601
2041,Basic,17.99,461,5,1,0,6.276396
2042,Standard,13.99,367,4,0,0,4.270083
2043,Basic,17.99,131,3,1,1,1.604608
2044,Premium,8.99,523,3,0,1,1.133902
2045,Basic,13.99,517,4,1,1,5.377106
2046,Standard,8.99,474,3,1,1,3.972539
2047,Basic,13.99,253,1,1,1,4.20971
2048,Standard,8.99,632,3,1,0,5.188773
2049,Standard,8.99,436,3,0,1,4.719663
2050,Basic,13.99,147,4,0,1,5.50675
2051,Premium,8.99,394,4,0,1,0.837283
2052,Standard,8.99,257,3,0,0,4.985124
2053,Premium,13.99,563,2,0,1,5.605117
2054,Premium,13.99,685,4,0,0,2.21681
2055,Standard,17.99,635,5,0,0,4.342684
2056,Premium,13.99,215,5,1,0,2.384972
2057,Basic,17.99,71,1,1,0,6.247826
2058,Basic,13.99,203,3,1,0,0.700541
2059,Basic,17.99,488,2,1,1,3.978757
2060,Basic,17.99,344,1,0,1,1.499021
2061,Basic,17.99,268,3,0,0,4.773321
2062,Basic,17.99,544,4,0,0,1.555342
2063,Premium,17.99,279,5,1,0,1.9123
2064,Basic,8.99,69,2,0,1,3.466225
2065,Basic,13.99,602,5,1,1,5.98901
2066,Standard,13.99,197,4,0,0,1.770286
2067,Basic,8.99,157,3,0,1,1.36544
2068,Premium,8.99,452,4,0,1,5.053861
2069,Basic,8.99,645,4,0,0,3.503717
2070,Premium,13.99,532,5,1,0,5.970711
2071,Standard,17.99,416,2,1,1,1.379687
2072,Basic,13.99,463,4,0,1,4.375567
2073,Basic,13.99,358,5,1,1,1.897275
2074,Premium,8.99,183,2,0,0,1.440563
2075,Standard,13.99,332,3,0,0,4.600576
2076,Standard,8.99,122,3,0,0,4.062108
2077,Standard,13.99,530,1,0,1,5.028965
2078,Basic,13.99,401,5,1,1,2.356775
2079,Basic,17.99,609,2,0,0,3.18783
2080,Basic,17.99,375,4,0,1,2.93283
2081,Premium,17.99,492,3,1,0,6.404537
2082,Standard,17.99,149,2,0,1,2.253494
2083,Basic,13.99,108,5,1,0,2.268903
2084,Basic,17.99,557,1,0,1,2.627289
2085,Basic,17.99,307,3,0,1,3.887564
2086,Basic,17.99,462,2,0,0,2.013936
2087,Standard,8.99,501,2,0,0,5.99174
2088,Standard,17.99,114,2,0,0,2.094113
2089,Premium,8.99,644,5,0,0,5.874894
2090,Standard,8.99,203,5,1,0,1.12085
2091,Basic,8.99,315,5,0,1,4.439376
2092,Standard,13.99,128,4,1,0,5.941913
2093,Standard,17.99,364,2,1,0,1.512497
2094,Standard,17.99,609,3,0,0,6.309962
2095,Standard,8.99,297,5,1,0,3.2173
2096,Standard,17.99,659,5,0,0,6.174291
2097,Standard,8.99,463,2,1,1,4.56092
2098,Standard,8.99,74,5,0,0,2.309521
2099,Basic,8.99,333,4,1,0,1.629815
2100,Basic,17.99,498,4,1,0,2.32241
2101,Basic,17.99,350,5,0,1,1.058104
2102,Standard,17.99,117,2,1,1,1.363208
2103,Basic,8.99,56,2,0,0,1.127963
2104,Standard,17.99,186,2,0,0,3.037661
2105,Premium,13.99,213,1,0,1,5.27347
2106,Basic,17.99,132,5,0,1,1.348301
2107,Standard,13.99,699,2,0,1,1.281923
2108,Standard,8.99,469,4,1,0,4.360574
2109,Basic,13.99,122,3,1,0,1.683098
2110,Basic,13.99,286,3,1,1,1.08566
2111,Basic,13.99,95,2,0,0,1.501091
2112,Basic,13.99,667,3,1,1,6.042388
2113,Premium,13.99,311,3,1,1,5.428828
2114,Premium,13.99,225,1,1,1,2.624387
2115,Standard,8.99,215,4,1,0,4.434925
2116,Premium,8.99,419,4,1,1,3.723654
2117,Premium,17.99,103,1,0,1,4.562746
2118,Basic,17.99,468,1,0,0,4.596027
2119,Premium,13.99,556,3,1,1,4.272404
2120,Standard,17.99,390,5,0,0,2.096608
2121,Premium,8.99,176,3,0,1,0.734039
2122,Premium,13.99,458,1,1,0,3.233401
2123,Basic,17.99,416,4,1,1,5.845843
2124,Basic,13.99,320,3,0,1,3.916984
2125,Basic,8.99,693,5,1,1,5.494346
2126,Standard,13.99,654,3,0,1,6.449746
2127,Premium,17.99,428,2,0,1,1.481697
2128,Premium,17.99,122,3,1,0,4.650666
2129,Basic,13.99,297,1,0,0,4.545761
2130,Standard,17.99,92,4,0,1,6.379733
2131,Standard,13.99,426,4,0,1,6.413604
2132,Basic,13.99,90,1,1,1,4.620072
2133,Basic,17.99,219,2,1,0,1.961689
2134,Basic,13.99,261,1,1,0,5.291335
2135,Premium,17.99,542,3,1,1,1.142175
2136,Basic,13.99,88,1,0,0,5.184196
2137,Standard,13.99,418,1,1,1,5.961177
2138,Standard,13.99,200,2,1,1,2.797
2139,Basic,17.99,160,3,1,1,4.283812
2140,Premium,13.99,529,5,1,0,3.080856
2141,Premium,8.99,485,5,0,1,3.12659
2142,Basic,13.99,96,4,0,1,2.362225
2143,Standard,8.99,624,1,0,1,5.072778
2144,Basic,17.99,415,4,1,0,6.117059
2145,Basic,8.99,118,2,1,0,6.144505
2146,Basic,13.99,348,5,0,0,1.548688
2147,Standard,8.99,345,1,1,1,5.748462
2148,Standard,17.99,252,2,1,0,4.924589
2149,Basic,13.99,110,2,0,1,2.017024
2150,Basic,8.99,363,1,0,0,0.903708
2151,Premium,17.99,210,2,1,1,2.107984
2152,Basic,8.99,380,1,1,0,5.973249
2153,Basic,8.99,577,1,1,1,4.299072
2154,Standard,13.99,387,3,0,0,4.826328
2155,Premium,13.99,655,4,0,0,2.042914
2156,Basic,13.99,353,2,0,0,4.816329
2157,Standard,17.99,552,2,0,1,0.668729
2158,Standard,8.99,699,3,1,0,2.751928
2159,Basic,13.99,387,3,0,0,4.26052
2160,Standard,8.99,599,3,0,0,1.376579
2161,Basic,17.99,688,5,1,0,5.438021
2162,Standard,13.99,324,5,1,1,1.910188
2163,Standard,8.99,213,5,1,0,4.413687
2164,Standard,13.99,492,1,0,1,2.931183
2165,Basic,13.99,368,2,1,1,4.076262
2166,Premium,17.99,638,4,1,1,1.144703
2167,Basic,8.99,553,1,0,1,0.601477
2168,Basic,17.99,436,2,0,0,5.957387
2169,Basic,13.99,652,2,1,1,2.11778
2170,Standard,8.99,543,3,0,1,5.418062
2171,Standard,8.99,539,3,1,1,6.496102
2172,Basic,13.99,122,1,1,1,1.768588
2173,Standard,8.99,558,3,0,0,2.091024
2174,Basic,8.99,439,2,1,0,4.477159
2175,Standard,13.99,668,3,0,1,6.292692
2176,Basic,17.99,344,5,0,1,5.994886
2177,Standard,13.99,418,3,0,1,3.517253
2178,Basic,8.99,598,2,1,0,5.270662
2179,Premium,13.99,698,1,0,0,1.314475
2180,Basic,17.99,617,4,0,0,6.364629
2181,Basic,8.99,236,3,1,0,6.286119
2182,Basic,8.99,494,2,1,0,1.482374
2183,Premium,17.99,619,4,1,1,2.296539
2184,Premium,8.99,412,4,1,0,1.10093
2185,Basic,13.99,172,5,0,0,2.130306
2186,Standard,8.99,237,4,0,1,5.395735
2187,Premium,8.99,469,2,0,0,2.769894
2188,Standard,8.99,675,2,1,0,1.030382
2189,Standard,17.99,301,3,1,0,2.553353
2190,Basic,8.99,668,3,0,1,6.3883
2191,Basic,8.99,598,3,1,0,4.278102
2192,Premium,17.99,384,4,1,1,2.996966
2193,Premium,17.99,141,4,0,1,1.499231
2194,Standard,8.99,579,5,0,0,6.417061
2195,Basic,13.99,112,3,1,0,5.425094
2196,Basic,8.99,561,1,1,0,2.188864
2197,Standard,17.99,188,5,1,0,0.920412
2198,Premium,8.99,234,1,0,1,0.839753
2199,Premium,17.99,254,4,0,0,1.222269
2200,Standard,17.99,263,5,0,1,3.984612
2201,Standard,17.99,305,5,0,1,6.072581
2202,Basic,13.99,184,2,0,1,3.480461
2203,Basic,17.99,622,4,1,1,5.557673
2204,Premium,17.99,137,4,1,1,3.17532
2205,Standard,13.99,256,5,1,0,4.751501
2206,Basic,8.99,178,4,0,1,4.891236
2207,Basic,13.99,52,5,0,1,1.543782
2208,Standard,17.99,170,2,0,0,2.667296
2209,Basic,13.99,434,5,1,0,4.323813
2210,Basic,8.99,663,4,0,1,0.92418
2211,Standard,17.99,87,4,0,1,2.669241
2212,Standard,17.99,390,5,1,0,3.708797
2213,Standard,17.99,694,5,0,1,6.477347
2214,Basic,8.99,70,5,1,0,3.347201
2215,Standard,13.99,291,3,0,0,5.396341
2216,Basic,8.99,504,4,0,1,3.092404
2217,Basic,13.99,670,4,1,0,5.278344
2218,Standard,13.99,352,3,1,1,4.072489
2219,Standard,13.99,645,5,1,1,5.819573
2220,Premium,17.99,644,2,1,1,2.965655
2221,Standard,13.99,118,5,1,0,4.125827
2222,Standard,17.99,178,5,1,1,4.280112
2223,Basic,17.99,245,3,0,0,3.004298
2224,Basic,8.99,189,4,0,1,1.365872
2225,Basic,8.99,493,5,1,1,1.061356
2226,Basic,8.99,332,4,0,0,0.600029
2227,Premium,8.99,361,1,1,1,5.741206
2228,Basic,17.99,584,4,0,1,1.918849
2229,Premium,13.99,326,2,1,0,1.76904
2230,Standard,17.99,110,2,0,0,4.916212
2231,Standard,8.99,368,5,0,0,2.420097
2232,Standard,13.99,101,4,0,1,3.536268
2233,Standard,13.99,202,5,0,0,1.475066
2234,Standard,8.99,360,3,0,0,6.258474
2235,Basic,8.99,593,2,1,1,5.609488
2236,Standard,8.99,616,5,1,0,5.682738
2237,Basic,8.99,438,3,1,1,2.940642
2238,Basic,13.99,597,5,0,1,5.074167
2239,Standard,13.99,671,4,1,0,1.363257
2240,Basic,17.99,226,4,0,1,0.551714
2241,Premium,8.99,411,4,0,0,0.619838
2242,Premium,17.99,363,4,0,0,4.01961
2243,Premium,17.99,146,1,1,0,3.232369
2244,Basic,17.99,262,3,0,0,3.608092
2245,Basic,8.99,186,3,1,1,0.544779
2246,Premium,8.99,55,4,1,1,3.03612
2247,Standard,8.99,158,1,0,0,4.808409
2248,Premium,8.99,596,4,0,0,3.156162
2249,Premium,8.99,88,1,1,1,4.893315
2250,Premium,17.99,474,4,1,0,1.898114
2251,Basic,13.99,679,2,1,1,5.378852
2252,Basic,13.99,310,2,1,0,4.030587
2253,Premium,17.99,475,5,1,1,1.764579
2254,Basic,8.99,136,4,1,1,1.920323
2255,Basic,13.99,514,3,0,1,4.268183
2256,Standard,17.99,125,5,1,0,5.479638
2257,Premium,17.99,520,2,1,0,2.993767
2258,Standard,8.99,463,4,1,0,2.049803
2259,Standard,17.99,506,5,1,0,5.70207
2260,Basic,13.99,334,4,0,0,4.51561
2261,Standard,13.99,288,2,0,1,3.188513
2262,Premium,13.99,648,5,1,1,3.427401
2263,Basic,17.99,607,2,1,1,1.725539
2264,Standard,13.99,421,1,1,1,4.260816
2265,Premium,13.99,544,2,0,1,2.652455
2266,Standard,8.99,673,4,0,1,6.473871
2267,Standard,17.99,94,3,0,1,3.381101
2268,Standard,13.99,450,2,0,0,3.415314
2269,Basic,8.99,296,3,0,1,3.895111
2270,Basic,8.99,665,1,0,0,6.000536
2271,Premium,13.99,646,5,1,1,5.304909
2272,Premium,8.99,499,5,0,1,3.20678
2273,Premium,13.99,534,3,0,0,4.812196
2274,Premium,8.99,695,5,1,1,4.017413
2275,Standard,17.99,669,2,0,0,3.454202
2276,Standard,8.99,67,3,1,1,1.653895
2277,Standard,8.99,655,4,0,0,3.283618
2278,Standard,17.99,338,2,1,1,1.974912
2279,Standard,13.99,463,2,1,0,5.989053
2280,Standard,8.99,687,2,1,0,2.512441
2281,Premium,17.99,284,4,1,1,6.213584
2282,Basic,17.99,465,1,1,1,3.698332
2283,Basic,17.99,548,5,0,0,4.289266
2284,Basic,13.99,683,3,0,1,3.757643
2285,Standard,13.99,699,1,1,0,1.276284
2286,Basic,8.99,164,3,1,1,2.754927
2287,Standard,17.99,283,5,1,0,1.094877
2288,Standard,17.99,589,4,0,1,4.237724
2289,Basic,17.99,60,2,1,0,3.181245
2290,Standard,13.99,255,2,1,1,5.16791
2291,Basic,13.99,296,4,1,0,1.822823
2292,Basic,8.99,608,1,1,0,1.487396
2293,Premium,17.99,176,1,0,1,2.937993
2294,Basic,13.99,196,3,1,1,6.059512
2295,Basic,8.99,167,4,1,0,4.762531
2296,Standard,8.99,431,1,0,0,3.013542
2297,Standard,13.99,461,4,1,0,3.603633
2298,Basic,17.99,633,5,1,0,1.005278
2299,Standard,8.99,412,2,0,1,6.407455
2300,Basic,13.99,558,2,0,0,4.498444
2301,Basic,13.99,186,2,0,0,2.212424
2302,Standard,17.99,224,4,1,0,4.01485
2303,Standard,13.99,338,4,1,1,1.156894
2304,Standard,17.99,530,3,0,0,6.29502
2305,Standard,17.99,68,2,0,1,1.54871
2306,Premium,13.99,244,3,0,1,4.388182
2307,Standard,17.99,379,2,1,1,1.972727
2308,Basic,8.99,224,3,1,1,4.805368
2309,Standard,13.99,498,3,0,1,5.160928
2310,Basic,8.99,403,5,1,1,4.540518
2311,Standard,8.99,548,3,0,1,4.186997
2312,Basic,17.99,190,4,1,0,5.854815
2313,Basic,17.99,142,3,1,0,0.97176
2314,Premium,13.99,288,2,1,1,2.485489
2315,Premium,8.99,254,3,1,0,1.989725
2316,Standard,13.99,609,1,0,0,6.428084
2317,Standard,17.99,482,2,1,1,2.836339
2318,Basic,13.99,294,1,1,0,4.895676
2319,Basic,13.99,366,2,0,1,4.608351
2320,Basic,13.99,344,4,1,0,1.772487
2321,Standard,17.99,689,4,0,1,1.933986
2322,Standard,17.99,331,4,0,1,2.187707
2323,Standard,8.99,66,1,1,0,2.966764
2324,Basic,17.99,120,5,1,0,1.90595
2325,Premium,17.99,318,2,0,1,0.617909
2326,Standard,13.99,374,4,0,1,5.776358
2327,Standard,13.99,354,2,0,1,6.293659
2328,Standard,8.99,500,1,1,0,2.549422
2329,Standard,8.99,56,5,0,0,2.531041
2330,Basic,8.99,363,1,0,0,0.542551
2331,Basic,8.99,152,2,0,0,4.581504
2332,Standard,17.99,242,5,1,1,5.452639
2333,Basic,13.99,623,5,0,1,1.37965
2334,Basic,17.99,578,1,1,1,1.457998
2335,Basic,13.99,220,4,1,1,5.240499
2336,Basic,13.99,586,2,0,0,4.197744
2337,Premium,17.99,300,3,1,1,0.769163
2338,Standard,8.99,436,3,0,1,4.235282
2339,Standard,13.99,256,1,1,0,2.353506
2340,Basic,8.99,590,2,1,0,2.712351
2341,Standard,17.99,678,2,0,1,5.118389
2342,Standard,17.99,465,1,0,0,5.365611
2343,Basic,8.99,429,2,0,1,2.90214
2344,Standard,8.99,193,4,1,0,6.182918
2345,Basic,8.99,74,1,1,0,2.938776
2346,Standard,8.99,122,4,0,1,5.131016
2347,Standard,13.99,681,2,0,0,3.403264
2348,Basic,17.99,142,1,1,1,5.885194
2349,Basic,8.99,554,2,1,0,5.946567
2350,Standard,13.99,647,1,1,0,1.024501
2351,Standard,13.99,385,2,0,0,6.11896
2352,Premium,8.99,474,4,1,0,5.453209
2353,Standard,13.99,548,4,0,0,5.247864
2354,Basic,13.99,413,2,1,1,1.705468
2355,Basic,13.99,679,1,1,0,5.330715
2356,Standard,13.99,248,3,0,1,5.600796
2357,Basic,13.99,462,4,0,0,2.234902
2358,Standard,8.99,388,4,0,1,6.21356
2359,Premium,8.99,478,3,1,0,0.799161
2360,Standard,17.99,188,2,1,1,1.399456
2361,Basic,8.99,591,1,1,1,3.725487
2362,Standard,17.99,106,2,0,0,3.954755
2363,Standard,13.99,281,5,1,0,4.3709
2364,Standard,17.99,484,4,0,0,0.601815
2365,Premium,13.99,433,5,0,1,6.262201
2366,Basic,8.99,609,4,0,1,0.767529
2367,Premium,13.99,243,4,1,0,1.358372
2368,Premium,13.99,697,5,1,0,0.584087
2369,Basic,8.99,583,5,0,1,3.901151
2370,Basic,17.99,567,2,1,1,6.093601
2371,Basic,17.99,234,5,0,0,4.495683
2372,Basic,13.99,341,2,0,1,5.435945
2373,Basic,13.99,384,2,1,0,0.579687
2374,Standard,13.99,165,2,0,0,3.752092
2375,Basic,17.99,98,4,0,0,3.257378
2376,Basic,8.99,131,4,1,1,3.493808
2377,Premium,17.99,382,5,0,1,0.933279
2378,Basic,13.99,606,4,0,1,4.606612
2379,Premium,17.99,384,5,0,1,3.519322
2380,Basic,13.99,581,4,0,0,5.090893
2381,Basic,17.99,270,1,0,1,3.411744
2382,Standard,8.99,684,1,0,0,1.39629
2383,Standard,8.99,372,5,0,0,4.389542
2384,Premium,13.99,52,4,1,0,1.534318
2385,Standard,17.99,255,4,1,1,5.734367
2386,Premium,13.99,89,2,0,0,4.178697
2387,Basic,13.99,108,3,0,0,1.443223
2388,Basic,8.99,623,5,1,1,6.274028
2389,Standard,17.99,693,3,1,0,3.610193
2390,Premium,8.99,556,3,1,1,0.937391
2391,Premium,8.99,621,5,1,1,4.260997
2392,Standard,17.99,171,4,1,1,2.019193
2393,Basic,13.99,528,5,0,0,5.322161
2394,Standard,13.99,668,3,1,1,5.406932
2395,Basic,8.99,145,4,1,1,6.373684
2396,Premium,13.99,463,1,1,1,3.511217
2397,Premium,8.99,284,5,0,1,3.229741
2398,Standard,17.99,111,5,0,0,5.020854
2399,Standard,17.99,305,4,0,1,1.294824
2400,Standard,8.99,610,1,0,0,3.781493
2401,Basic,13.99,397,1,0,1,3.777486
2402,Premium,8.99,173,4,0,0,1.036839
2403,Standard,17.99,531,2,1,1,3.007905
2404,Premium,13.99,366,5,0,0,5.619709
2405,Basic,17.99,553,5,0,1,5.636922
2406,Premium,13.99,97,3,1,0,1.095426
2407,Basic,13.99,458,4,0,0,1.044325
2408,Basic,17.99,185,3,1,0,2.076173
2409,Premium,8.99,250,3,1,1,5.748596
2410,Basic,8.99,299,1,0,0,1.273416
2411,Basic,8.99,363,5,1,0,4.819981
2412,Premium,8.99,417,3,1,0,1.106994
2413,Premium,17.99,478,1,1,0,4.238827
2414,Standard,17.99,529,4,1,1,2.636404
2415,Standard,8.99,363,3,0,0,5.233484
2416,Standard,17.99,549,5,1,0,1.902143
2417,Basic,8.99,404,3,0,0,4.335211
2418,Basic,8.99,534,4,1,1,1.914095
2419,Standard,17.99,260,3,1,0,4.781962
2420,Standard,8.99,93,5,1,0,5.742068
2421,Standard,17.99,590,1,0,0,1.260811
2422,Standard,17.99,620,5,0,0,5.699574
2423,Basic,13.99,632,1,0,1,4.061452
2424,Standard,17.99,141,2,1,0,1.262663
2425,Basic,13.99,314,5,1,0,3.065251
2426,Standard,13.99,269,5,1,1,1.465162
2427,Standard,8.99,491,4,1,1,4.702087
2428,Premium,13.99,450,3,0,1,5.053209
2429,Basic,8.99,449,1,1,0,1.134779
2430,Basic,8.99,625,1,0,1,3.536839
2431,Basic,8.99,539,4,1,0,5.38775
2432,Standard,17.99,534,4,0,1,6.116978
2433,Standard,17.99,519,3,0,0,3.581107
2434,Basic,8.99,623,3,1,1,6.201675
2435,Basic,8.99,494,5,1,0,3.714134
2436,Standard,13.99,318,2,0,1,2.865143
2437,Basic,13.99,316,3,1,0,5.589219
2438,Premium,17.99,103,4,1,0,3.457896
2439,Standard,8.99,577,3,0,0,3.331415
2440,Basic,13.99,569,1,0,0,3.441875
2441,Basic,17.99,665,2,0,0,5.58071
2442,Premium,8.99,108,5,0,0,5.491649
2443,Basic,13.99,89,1,1,0,2.92112
2444,Basic,13.99,286,1,0,0,2.499799
2445,Premium,17.99,435,2,0,1,3.451568
2446,Premium,8.99,655,5,0,0,3.936635
2447,Premium,17.99,699,4,1,0,1.930023
2448,Standard,17.99,349,5,0,1,5.263731
2449,Basic,17.99,444,3,1,0,3.418897
2450,Basic,8.99,256,1,0,1,2.504273
2451,Standard,13.99,385,3,0,0,1.140926
2452,Standard,13.99,642,4,1,1,1.933071
2453,Standard,8.99,563,3,0,1,6.195687
2454,Premium,8.99,227,5,0,0,2.330598
2455,Basic,13.99,445,3,1,1,1.513156
2456,Standard,17.99,420,4,0,0,3.264037
2457,Basic,13.99,367,4,0,0,2.342526
2458,Standard,17.99,418,4,0,0,0.710956
2459,Basic,17.99,433,5,0,0,2.438871
2460,Basic,17.99,111,4,1,1,3.764652
2461,Basic,8.99,554,1,0,0,3.810274
2462,Standard,17.99,288,4,1,1,2.639354
2463,Standard,13.99,244,3,0,1,3.183817
2464,Standard,13.99,271,3,1,0,6.293108
2465,Premium,17.99,110,3,0,0,2.764091
2466,Basic,17.99,178,5,1,0,2.049361
2467,Basic,17.99,205,3,0,0,1.960802
2468,Premium,8.99,427,5,1,1,3.246588
2469,Basic,17.99,671,5,1,0,5.057121
2470,Premium,13.99,635,4,0,1,1.735929
2471,Basic,13.99,486,1,1,0,4.755777
2472,Premium,8.99,256,4,0,0,0.626899
2473,Basic,13.99,437,4,0,0,3.013598
2474,Premium,13.99,529,5,0,0,5.15519
2475,Standard,13.99,389,5,0,1,2.532398
2476,Premium,8.99,389,3,0,1,3.882423
2477,Basic,17.99,253,3,1,0,1.729875
2478,Standard,13.99,210,4,0,1,4.951972
2479,Premium,13.99,589,2,0,1,0.813675
2480,Standard,8.99,441,2,0,0,5.615256
2481,Standard,8.99,624,3,0,0,1.689178
2482,Standard,13.99,583,2,0,1,5.746388
2483,Standard,8.99,119,3,0,1,2.615175
2484,Standard,13.99,454,5,1,1,4.836101
2485,Standard,13.99,657,4,1,1,2.415352
2486,Premium,13.99,640,1,0,0,5.93547
2487,Basic,8.99,566,4,1,0,1.259823
2488,Basic,17.99,169,3,0,1,1.571119
2489,Premium,13.99,266,3,0,0,3.458181
2490,Premium,17.99,105,4,0,1,0.991631
2491,Standard,13.99,415,3,0,1,1.675881
2492,Standard,13.99,553,2,0,0,6.162598
2493,Basic,8.99,504,2,1,1,6.358938
2494,Basic,8.99,153,3,1,1,2.757556
2495,Standard,17.99,126,3,1,0,6.039716
2496,Basic,8.99,279,2,1,0,3.768948
2497,Standard,13.99,307,3,0,1,2.118455
2498,Basic,17.99,313,3,1,1,4.714392
2499,Premium,8.99,380,4,0,0,4.453411
2500,Premium,8.99,231,1,1,1,6.434752
2501,Standard,13.99,599,2,1,1,2.090284
2502,Standard,8.99,76,4,1,0,4.532357
2503,Basic,13.99,325,1,1,0,0.812143
2504,Premium,13.99,348,3,0,0,1.181876
2505,Standard,8.99,140,3,1,0,0.52351
2506,Basic,17.99,529,4,1,0,6.496764
2507,Premium,8.99,622,3,0,0,5.313642
2508,Premium,13.99,507,5,0,1,5.220338
2509,Premium,13.99,500,4,1,1,3.558356
2510,Standard,17.99,414,1,0,0,2.300402
2511,Standard,8.99,400,4,0,0,1.407586
2512,Standard,8.99,449,2,0,1,2.208048
2513,Premium,13.99,302,4,1,1,2.755827
2514,Premium,13.99,508,3,0,1,5.037861
2515,Basic,17.99,548,3,1,0,3.737971
2516,Basic,8.99,557,5,1,0,0.964902
2517,Basic,17.99,353,5,1,1,0.608174
2518,Premium,17.99,550,5,1,0,1.113993
2519,Premium,8.99,647,1,0,0,2.962992
2520,Basic,8.99,215,5,1,0,6.099158
2521,Standard,17.99,464,1,0,1,4.324415
2522,Basic,13.99,511,5,1,1,5.310955
2523,Premium,8.99,163,1,0,0,3.298248
2524,Premium,13.99,482,4,1,0,2.669996
2525,Premium,8.99,405,4,0,0,1.150402
2526,Standard,13.99,256,3,1,0,5.755598
2527,Standard,13.99,284,1,1,0,5.19896
2528,Basic,17.99,491,2,0,1,1.508709
2529,Basic,8.99,404,3,1,0,3.573563
2530,Premium,13.99,564,4,1,0,3.424249
2531,Premium,8.99,257,1,1,0,4.250549
2532,Premium,17.99,174,5,0,1,6.177121
2533,Premium,17.99,187,2,1,1,3.978629
2534,Standard,17.99,388,4,1,0,3.741304
2535,Standard,17.99,586,3,0,1,0.801938
2536,Premium,17.99,117,1,0,1,0.877445
2537,Premium,13.99,622,2,0,1,1.624081
2538,Basic,13.99,590,1,0,1,0.694825
2539,Standard,17.99,432,5,0,1,4.960117
2540,Basic,17.99,68,3,1,1,4.839982
2541,Premium,17.99,499,1,1,0,1.316337
2542,Standard,8.99,123,4,1,1,5.516473
2543,Basic,8.99,622,3,0,1,1.428716
2544,Standard,8.99,325,4,1,0,2.307054
2545,Standard,8.99,97,1,0,0,1.993861
2546,Basic,13.99,260,3,0,0,2.733843
2547,Basic,8.99,671,4,1,0,2.027983
2548,Standard,8.99,589,5,0,1,3.433706
2549,Standard,17.99,240,5,0,1,2.944447
2550,Standard,13.99,364,1,1,1,6.419417
2551,Standard,8.99,612,3,0,1,0.835558
2552,Premium,13.99,611,2,0,0,1.353088
2553,Standard,13.99,162,3,1,1,0.816955
2554,Standard,17.99,219,5,0,1,4.255047
2555,Premium,13.99,517,4,0,0,0.827056
2556,Standard,8.99,63,2,1,1,5.518638
2557,Basic,13.99,337,1,1,1,3.571632
2558,Basic,17.99,238,2,1,1,3.662046
2559,Standard,13.99,204,1,1,1,3.869567
2560,Standard,13.99,616,2,0,0,1.524882
2561,Standard,17.99,520,1,0,0,1.686142
2562,Basic,8.99,124,1,1,0,2.412904
2563,Basic,8.99,326,2,0,0,4.060978
2564,Basic,13.99,694,2,0,0,1.760707
2565,Basic,13.99,392,1,1,1,1.19799
2566,Standard,8.99,474,5,1,1,6.320701
2567,Basic,17.99,620,2,0,0,0.631891
2568,Standard,13.99,560,3,1,0,5.316184
2569,Premium,17.99,231,4,1,0,5.228211
2570,Basic,8.99,507,1,1,1,2.283285
2571,Standard,13.99,113,1,0,0,1.31376
2572,Standard,8.99,309,4,1,1,1.373772
2573,Basic,13.99,242,5,0,1,4.68459
2574,Standard,8.99,665,4,0,1,4.35684
2575,Premium,13.99,455,2,0,1,5.196474
2576,Premium,8.99,142,4,1,0,6.124887
2577,Basic,8.99,479,1,1,1,4.651564
2578,Premium,17.99,483,4,1,1,1.435109
2579,Standard,13.99,453,3,1,0,1.960656
2580,Basic,8.99,483,2,1,1,5.553162
2581,Standard,13.99,161,4,0,1,1.755836
2582,Premium,17.99,424,1,0,1,0.935134
2583,Standard,8.99,108,2,0,0,4.71968
2584,Basic,8.99,92,1,1,1,2.915158
2585,Standard,13.99,256,5,0,1,6.02024
2586,Basic,17.99,345,3,0,0,4.40153
2587,Basic,17.99,167,5,1,0,1.042514
2588,Basic,17.99,581,3,1,1,6.187139
2589,Basic,13.99,271,4,0,1,2.051344
2590,Basic,17.99,215,2,0,0,2.523275
2591,Basic,13.99,692,4,1,1,2.913562
2592,Standard,17.99,205,3,1,0,0.807346
2593,Basic,13.99,233,3,1,1,3.479093
2594,Basic,8.99,139,3,1,0,1.239911
2595,Premium,13.99,143,1,0,1,2.905822
2596,Standard,13.99,62,2,0,0,2.604259
2597,Standard,17.99,487,4,1,0,5.137041
2598,Basic,8.99,587,4,0,0,5.319023
2599,Basic,8.99,636,5,0,0,1.420477
2600,Basic,17.99,199,3,1,0,2.699307
2601,Basic,8.99,57,3,0,1,2.740119
2602,Basic,8.99,78,3,0,1,1.408463
2603,Basic,13.99,345,4,0,0,5.290721
2604,Basic,8.99,689,5,1,1,4.74337
2605,Basic,17.99,389,1,1,1,1.642291
2606,Standard,8.99,677,2,0,1,2.700331
2607,Basic,17.99,488,1,1,1,1.13483
2608,Basic,8.99,193,4,1,1,4.26924
2609,Standard,13.99,568,3,1,1,1.228232
2610,Standard,8.99,94,2,0,0,6.415605
2611,Basic,8.99,288,4,0,1,5.184092
2612,Standard,13.99,204,4,1,1,2.841431
2613,Standard,8.99,230,4,0,1,3.971384
2614,Basic,13.99,264,2,0,0,5.968051
2615,Premium,17.99,137,2,0,1,3.824596
2616,Premium,8.99,305,5,0,1,1.546991
2617,Basic,13.99,560,5,0,1,2.77222
2618,Basic,13.99,122,1,1,0,5.558869
2619,Premium,13.99,228,2,0,1,4.365278
2620,Standard,17.99,261,2,0,0,4.404346
2621,Basic,17.99,283,2,0,1,5.700929
2622,Basic,8.99,514,5,1,0,5.863838
2623,Basic,13.99,272,4,1,0,6.018755
2624,Standard,13.99,680,3,1,0,1.069095
2625,Standard,17.99,313,5,0,1,3.764756
2626,Basic,17.99,256,2,1,0,4.943057
2627,Standard,8.99,656,5,1,0,5.041561
2628,Standard,17.99,415,1,1,0,4.140297
2629,Basic,8.99,325,2,1,0,1.500724
2630,Basic,8.99,429,1,0,1,5.284523
2631,Standard,8.99,358,2,1,1,4.820668
2632,Premium,8.99,680,5,1,1,1.016815
2633,Standard,8.99,317,4,0,1,3.282859
2634,Standard,17.99,113,3,0,0,1.543864
2635,Basic,17.99,399,1,1,1,2.524862
2636,Standard,17.99,543,5,0,0,0.608487
2637,Standard,17.99,572,4,1,1,2.901979
2638,Basic,8.99,147,5,0,1,3.799262
2639,Basic,13.99,120,1,0,1,4.217496
2640,Basic,17.99,413,3,1,0,4.480942
2641,Basic,17.99,619,5,0,1,5.517748
2642,Basic,13.99,325,2,1,1,1.792777
2643,Basic,13.99,99,4,0,1,1.222891
2644,Basic,8.99,407,5,1,0,5.609223
2645,Basic,13.99,613,4,0,1,1.439677
2646,Premium,8.99,534,2,0,1,6.34856
2647,Standard,17.99,133,3,0,0,5.555229
2648,Standard,13.99,687,3,0,0,3.50526
2649,Standard,17.99,633,2,0,1,6.388529
2650,Standard,13.99,345,4,1,1,1.08426
2651,Basic,17.99,285,5,0,1,2.318395
2652,Standard,8.99,105,2,1,0,4.329346
2653,Standard,17.99,409,1,1,0,2.600041
2654,Standard,8.99,159,4,1,0,6.070235
2655,Standard,17.99,241,3,0,1,0.893757
2656,Basic,13.99,142,2,1,0,3.796471
2657,Basic,8.99,617,3,0,1,4.045198
2658,Basic,13.99,109,4,1,0,4.416369
2659,Standard,13.99,699,3,1,0,2.033997
2660,Standard,13.99,88,2,1,0,2.687399
2661,Basic,13.99,589,4,1,1,5.562083
2662,Premium,13.99,98,1,1,1,1.669657
2663,Standard,17.99,469,2,0,1,5.461207
2664,Basic,17.99,686,5,1,1,3.875933
2665,Basic,8.99,62,2,1,0,5.073125
2666,Basic,13.99,85,4,0,1,4.781644
2667,Basic,8.99,150,2,0,0,1.745069
2668,Basic,17.99,135,1,0,1,3.912876
2669,Basic,13.99,565,1,1,1,5.706339
2670,Basic,17.99,272,5,1,0,3.092697
2671,Basic,13.99,387,3,1,0,6.299545
2672,Premium,13.99,215,4,1,1,3.213291
2673,Basic,17.99,432,4,1,1,1.356714
2674,Standard,13.99,425,3,1,0,2.836608
2675,Standard,13.99,520,1,0,0,6.210214
2676,Premium,13.99,691,1,0,0,2.418325
2677,Basic,13.99,80,2,1,0,5.708589
2678,Basic,13.99,424,5,1,0,5.787504
2679,Premium,13.99,60,5,1,1,2.601119
2680,Premium,13.99,351,5,1,1,0.999546
2681,Premium,17.99,145,2,1,1,4.847347
2682,Basic,13.99,239,5,0,1,2.369074
2683,Basic,17.99,502,3,0,0,5.197542
2684,Standard,8.99,241,2,1,0,3.155929
2685,Premium,13.99,535,3,0,0,3.4116
2686,Standard,13.99,315,2,1,1,5.167456
2687,Standard,13.99,473,5,1,0,2.79418
2688,Basic,8.99,177,3,1,0,3.158764
2689,Standard,13.99,287,3,0,1,2.757143
2690,Basic,17.99,404,3,0,1,2.704043
2691,Basic,17.99,161,2,1,1,3.655679
2692,Standard,8.99,495,4,0,0,5.352797
2693,Standard,8.99,392,5,0,0,2.67061
2694,Basic,8.99,194,3,1,1,3.645528
2695,Basic,8.99,114,4,0,1,4.524364
2696,Standard,13.99,296,5,0,0,2.116637
2697,Basic,13.99,539,5,1,1,2.165137
2698,Standard,17.99,488,3,1,0,6.100479
2699,Basic,13.99,155,3,0,1,4.841207
2700,Standard,17.99,230,2,1,1,3.96312
2701,Standard,13.99,233,4,0,1,4.38632
2702,Basic,8.99,275,4,1,0,0.675797
2703,Basic,8.99,138,3,1,0,4.208618
2704,Basic,8.99,579,5,1,1,3.557053
2705,Basic,8.99,420,3,1,0,3.774498
2706,Premium,13.99,448,5,0,1,2.656543
2707,Basic,8.99,155,5,1,1,0.988843
2708,Premium,8.99,320,3,1,0,1.660035
2709,Basic,8.99,552,1,1,0,6.204468
2710,Standard,8.99,574,4,0,0,2.952197
2711,Standard,13.99,81,5,0,0,3.300099
2712,Standard,13.99,442,5,1,1,0.816259
2713,Standard,8.99,89,1,1,0,0.725397
2714,Standard,8.99,267,2,1,0,4.803089
2715,Basic,13.99,131,1,1,1,3.728568
2716,Premium,13.99,250,1,1,1,3.552236
2717,Premium,17.99,496,5,1,1,1.958747
2718,Premium,17.99,477,4,0,1,4.968504
2719,Basic,13.99,87,1,1,0,1.509419
2720,Standard,13.99,260,2,1,0,1.639608
2721,Premium,17.99,493,3,1,1,3.264273
2722,Basic,8.99,376,1,1,1,2.217679
2723,Basic,8.99,276,1,1,0,1.984778
2724,Standard,17.99,97,2,1,0,4.371426
2725,Standard,13.99,67,4,0,0,4.40583
2726,Premium,8.99,488,1,0,0,5.447102
2727,Basic,17.99,236,1,0,0,3.006251
2728,Standard,17.99,394,4,0,1,0.938511
2729,Basic,13.99,273,2,0,1,2.141998
2730,Basic,13.99,537,1,0,1,6.380033
2731,Basic,17.99,278,4,1,1,4.077551
2732,Premium,13.99,439,1,1,0,4.758423
2733,Standard,8.99,638,3,1,1,0.544147
2734,Standard,8.99,237,5,1,0,3.609234
2735,Basic,8.99,319,3,1,0,0.725172
2736,Premium,8.99,656,1,1,0,3.915381
2737,Basic,17.99,359,2,0,0,6.024625
2738,Premium,8.99,181,5,1,0,6.310515
2739,Standard,17.99,600,3,0,0,3.743316
2740,Basic,17.99,121,4,0,0,3.249229
2741,Standard,8.99,236,2,1,1,6.170103
2742,Basic,8.99,535,3,1,0,4.541659
2743,Standard,17.99,240,4,1,1,0.889396
2744,Standard,17.99,471,1,1,1,3.294353
2745,Basic,8.99,169,4,1,0,1.94147
2746,Premium,17.99,269,3,1,0,3.318826
2747,Basic,13.99,102,3,1,1,3.232793
2748,Standard,8.99,500,1,0,1,3.992869
2749,Premium,8.99,461,4,1,1,2.640623
2750,Standard,13.99,692,4,1,1,1.485623
2751,Basic,13.99,286,1,0,0,3.522317
2752,Premium,8.99,455,4,1,0,5.481217
2753,Standard,8.99,657,1,1,0,4.484073
2754,Basic,13.99,471,2,0,1,2.530207
2755,Basic,13.99,296,3,1,0,6.113138
2756,Standard,8.99,121,2,1,1,5.973245
2757,Standard,8.99,234,5,1,0,1.75609
2758,Standard,13.99,55,5,1,1,0.736506
2759,Premium,13.99,255,5,1,0,4.947852
2760,Standard,8.99,593,1,1,0,5.465662
2761,Basic,13.99,660,4,0,1,6.307187
2762,Basic,8.99,436,2,1,1,5.839018
2763,Basic,8.99,125,2,1,1,4.103209
2764,Standard,8.99,226,2,0,1,3.680314
2765,Basic,8.99,398,2,0,1,0.667046
2766,Standard,13.99,304,5,1,0,1.979939
2767,Standard,17.99,357,2,0,1,3.257689
2768,Premium,8.99,394,4,1,0,4.271023
2769,Basic,17.99,176,5,1,0,3.843511
2770,Premium,8.99,336,2,0,0,4.955816
2771,Basic,17.99,645,1,1,0,2.178602
2772,Premium,13.99,536,3,1,0,3.889716
2773,Basic,13.99,432,3,0,1,1.028853
2774,Basic,13.99,455,3,0,1,2.981993
2775,Standard,13.99,437,5,0,0,5.000965
2776,Basic,17.99,574,2,0,0,4.660405
2777,Basic,17.99,606,5,1,1,6.443856
2778,Standard,13.99,688,4,0,1,2.167347
2779,Standard,8.99,675,1,0,0,3.489136
2780,Standard,13.99,325,1,0,1,2.477182
2781,Standard,17.99,549,3,0,1,3.143619
2782,Standard,17.99,386,3,0,1,5.641701
2783,Basic,17.99,530,3,1,0,4.605254
2784,Basic,8.99,322,2,0,1,5.794647
2785,Basic,17.99,107,4,1,0,1.721067
2786,Premium,17.99,377,4,0,0,5.740167
2787,Standard,8.99,158,4,0,0,0.858574
2788,Standard,8.99,328,4,0,0,5.831596
2789,Standard,13.99,377,3,0,0,2.474443
2790,Premium,13.99,364,1,0,1,2.387526
2791,Basic,8.99,523,3,0,0,3.572531
2792,Standard,17.99,160,4,0,0,6.144141
2793,Standard,13.99,278,3,0,0,0.786688
2794,Standard,8.99,546,4,1,1,2.613386
2795,Basic,13.99,205,5,0,1,5.639432
2796,Premium,17.99,522,1,1,1,2.876327
2797,Premium,13.99,321,5,0,1,1.694941
2798,Standard,17.99,51,2,1,1,3.048765
2799,Standard,13.99,560,3,0,1,2.813315
2800,Premium,8.99,335,2,0,1,5.992497
2801,Standard,8.99,62,3,0,0,5.071606
2802,Basic,17.99,657,5,1,0,3.530693
2803,Standard,17.99,547,4,1,1,6.430223
2804,Standard,13.99,287,4,1,0,3.291665
2805,Standard,17.99,143,3,1,0,0.849427
2806,Standard,8.99,387,4,0,1,2.073646
2807,Premium,13.99,220,5,0,0,3.116423
2808,Premium,17.99,655,4,0,0,1.441416
2809,Standard,8.99,673,5,1,1,6.185391
2810,Basic,8.99,616,2,0,0,5.101093
2811,Premium,8.99,516,5,1,1,2.109723
2812,Premium,17.99,677,1,1,1,4.044827
2813,Basic,17.99,192,1,1,0,4.828695
2814,Premium,17.99,250,1,1,0,6.147674
2815,Premium,17.99,229,3,1,0,5.789812
2816,Standard,8.99,413,3,0,1,3.591153
2817,Standard,13.99,528,3,1,1,5.147916
2818,Basic,17.99,614,5,1,1,3.872869
2819,Basic,17.99,520,3,0,0,3.816223
2820,Basic,17.99,433,2,1,0,1.188452
2821,Premium,13.99,466,1,1,1,1.256826
2822,Basic,13.99,357,5,0,0,3.677202
2823,Basic,8.99,698,1,0,0,2.113169
2824,Basic,13.99,416,3,0,1,0.626221
2825,Standard,8.99,50,5,1,1,4.837035
2826,Premium,17.99,93,4,0,0,0.69492
2827,Basic,13.99,147,2,0,1,4.071661
2828,Basic,8.99,314,3,0,0,3.735163
2829,Standard,8.99,189,3,1,1,6.312888
2830,Standard,17.99,530,2,0,1,3.405279
2831,Basic,17.99,286,2,1,1,0.881609
2832,Standard,8.99,121,4,1,0,3.810128
2833,Basic,8.99,239,3,0,0,5.546577
2834,Basic,17.99,317,3,1,1,6.481096
2835,Standard,13.99,370,1,1,1,3.082059
2836,Standard,8.99,156,5,0,1,2.421792
2837,Premium,13.99,281,5,1,0,5.93992
2838,Basic,13.99,91,1,0,1,1.647453
2839,Standard,17.99,188,5,1,1,4.192573
2840,Standard,8.99,664,2,1,1,2.934287
2841,Basic,8.99,322,5,0,1,0.746494
2842,Standard,8.99,530,5,0,0,2.583731
2843,Basic,13.99,465,1,1,0,2.091371
2844,Premium,13.99,555,4,1,1,4.616547
2845,Basic,8.99,473,5,0,0,6.192743
2846,Standard,13.99,456,5,1,0,2.108283
2847,Basic,13.99,617,4,1,0,5.368796
2848,Premium,17.99,439,1,1,1,0.832159
2849,Standard,17.99,391,4,1,0,3.728726
2850,Standard,8.99,663,1,0,0,0.9233
2851,Basic,8.99,542,2,0,0,6.104198
2852,Standard,8.99,241,1,0,1,5.098108
2853,Basic,17.99,548,2,0,1,4.447699
2854,Premium,17.99,282,2,0,0,5.443378
2855,Basic,13.99,276,1,0,0,4.385119
2856,Basic,8.99,420,3,1,1,6.313666
2857,Basic,13.99,188,1,0,1,4.783748
2858,Standard,8.99,198,5,1,0,6.047952
2859,Standard,8.99,164,5,1,0,3.602791
2860,Basic,8.99,499,3,1,1,1.202386
2861,Standard,8.99,112,2,0,1,3.669066
2862,Standard,13.99,153,3,1,0,1.261237
2863,Standard,8.99,322,5,0,1,4.054961
2864,Standard,8.99,55,3,1,0,3.394958
2865,Standard,17.99,196,1,1,0,4.235452
2866,Standard,17.99,233,3,0,0,0.560282
2867,Basic,13.99,77,2,1,1,1.669043
2868,Basic,8.99,599,1,1,0,3.447983
2869,Premium,13.99,168,4,1,0,6.203021
2870,Premium,17.99,342,5,1,1,2.801654
2871,Basic,8.99,420,5,0,1,3.046232
2872,Basic,13.99,293,3,1,0,4.788177
2873,Standard,13.99,629,1,1,0,4.122757
2874,Standard,8.99,267,4,0,1,2.293557
2875,Basic,17.99,226,1,1,1,2.964898
2876,Basic,17.99,348,5,1,1,1.806199
2877,Standard,17.99,107,1,1,0,6.296129
2878,Standard,13.99,318,4,1,0,1.283806
2879,Basic,8.99,357,3,0,0,2.731021
2880,Basic,13.99,619,2,1,1,0.655034
2881,Basic,8.99,337,1,0,0,1.830677
2882,Standard,17.99,154,2,1,1,5.182827
2883,Basic,8.99,277,5,1,0,1.707051
2884,Basic,13.99,296,3,1,1,0.98038
2885,Standard,8.99,543,3,0,0,3.346719
2886,Basic,13.99,132,1,1,0,0.559815
2887,Standard,13.99,235,3,1,1,1.008597
2888,Basic,17.99,301,1,0,1,5.345755
2889,Basic,8.99,404,1,0,0,5.12884
2890,Basic,13.99,259,2,0,1,5.990833
2891,Standard,17.99,658,3,0,1,5.627093
2892,Premium,13.99,496,1,1,0,4.599053
2893,Premium,8.99,509,2,1,1,0.813997
2894,Basic,8.99,521,4,1,0,5.197092
2895,Standard,13.99,419,2,1,0,5.573065
2896,Basic,8.99,541,2,0,1,5.294493
2897,Basic,8.99,186,1,1,1,3.550874
2898,Premium,8.99,416,5,1,0,1.897411
2899,Basic,17.99,233,5,1,0,5.57198
2900,Basic,13.99,637,5,1,0,4.862977
2901,Basic,17.99,336,2,0,0,6.384567
2902,Basic,13.99,521,1,1,0,1.434156
2903,Basic,13.99,424,3,1,0,1.853987
2904,Standard,17.99,586,2,1,1,1.770789
2905,Standard,17.99,560,2,0,1,5.255239
2906,Premium,8.99,628,1,0,1,1.621444
2907,Premium,8.99,299,4,1,0,0.899959
2908,Basic,8.99,559,2,1,1,6.491365
2909,Basic,8.99,679,4,1,0,0.648903
2910,Basic,17.99,122,4,0,0,5.511464
2911,Standard,8.99,331,5,1,1,2.692201
2912,Basic,8.99,409,1,1,0,5.549693
2913,Standard,13.99,59,4,1,0,3.827723
2914,Standard,17.99,260,1,0,0,5.909787
2915,Standard,8.99,201,5,1,0,6.057158
2916,Standard,8.99,54,1,1,0,0.554589
2917,Basic,8.99,244,2,0,0,0.952473
2918,Premium,17.99,332,4,0,1,2.002152
2919,Standard,13.99,513,1,1,0,4.515892
2920,Basic,8.99,162,3,0,0,5.829633
2921,Premium,8.99,320,1,1,0,3.259652
2922,Standard,8.99,212,4,0,0,4.141839
2923,Premium,13.99,509,5,0,1,1.630999
2924,Standard,17.99,154,5,1,1,5.329801
2925,Standard,8.99,605,4,1,0,6.303969
2926,Basic,13.99,331,2,1,0,2.111594
2927,Basic,8.99,211,2,0,0,3.468956
2928,Standard,8.99,400,5,1,1,1.016697
2929,Standard,8.99,483,5,1,1,3.85482
2930,Basic,13.99,189,4,1,1,3.516701
2931,Basic,13.99,520,2,1,1,1.366619
2932,Premium,17.99,181,5,1,0,3.152397
2933,Premium,8.99,136,2,0,1,2.504628
2934,Standard,13.99,232,5,1,1,3.630985
2935,Basic,13.99,417,1,1,0,4.013926
2936,Basic,8.99,178,3,0,0,0.550973
2937,Basic,17.99,295,1,1,1,5.066036
2938,Premium,17.99,650,5,1,1,4.778086
2939,Basic,17.99,627,3,1,1,2.697718
2940,Standard,8.99,427,3,1,1,0.817616
2941,Basic,13.99,198,5,1,0,5.029595
2942,Standard,8.99,482,5,0,0,6.231051
2943,Standard,17.99,677,2,0,1,1.94091
2944,Premium,13.99,518,5,0,1,2.441148
2945,Basic,8.99,495,4,1,1,1.602877
2946,Basic,17.99,530,5,0,1,3.961617
2947,Basic,17.99,343,4,1,1,1.429048
2948,Premium,17.99,192,5,1,0,2.637164
2949,Premium,13.99,299,2,1,0,4.682078
2950,Standard,17.99,351,4,0,0,3.860696
2951,Standard,13.99,74,1,0,1,2.818775
2952,Standard,17.99,119,4,0,1,3.021498
2953,Basic,8.99,674,2,1,0,3.872665
2954,Premium,8.99,161,4,0,0,0.535188
2955,Standard,17.99,413,5,1,1,0.971059
2956,Basic,17.99,352,5,0,0,5.787548
2957,Standard,8.99,520,2,0,1,0.967274
2958,Basic,8.99,140,3,1,1,4.740822
2959,Basic,17.99,579,5,1,0,6.020229
2960,Standard,8.99,241,1,0,0,2.124102
2961,Basic,13.99,601,2,0,0,2.722949
2962,Standard,8.99,291,4,0,1,3.913528
2963,Basic,8.99,187,4,1,1,5.790254
2964,Basic,8.99,394,1,1,0,6.151434
2965,Basic,13.99,229,5,0,1,4.937379
2966,Basic,8.99,552,2,0,1,1.019719
2967,Standard,17.99,252,1,1,1,4.514925
2968,Basic,13.99,622,5,0,0,2.961822
2969,Standard,8.99,241,2,1,1,3.324206
2970,Standard,8.99,54,4,1,0,0.79489
2971,Standard,17.99,286,2,1,0,1.646373
2972,Premium,17.99,360,3,1,1,5.243082
2973,Standard,17.99,598,2,1,0,3.223753
2974,Basic,13.99,105,3,1,1,2.309973
2975,Basic,8.99,492,2,0,0,2.804114
2976,Basic,13.99,286,3,1,0,5.626397
2977,Standard,17.99,246,4,1,1,4.993994
2978,Basic,17.99,634,5,0,0,2.133892
2979,Standard,17.99,620,3,1,0,1.205011
2980,Standard,13.99,563,3,0,0,2.011989
2981,Basic,13.99,498,4,1,1,6.024539
2982,Standard,13.99,409,3,0,1,3.989533
2983,Basic,8.99,79,1,0,0,3.700881
2984,Basic,13.99,157,4,1,0,4.078362
2985,Standard,17.99,651,1,1,0,2.69617
2986,Standard,13.99,494,4,1,1,5.342642
2987,Standard,8.99,487,3,1,1,3.639717
2988,Standard,17.99,655,1,0,0,1.200487
2989,Basic,17.99,506,3,0,1,1.274391
2990,Premium,17.99,664,4,0,1,3.721155
2991,Standard,8.99,544,3,1,1,6.119421
2992,Standard,13.99,296,1,0,1,2.350113
2993,Basic,13.99,592,1,1,0,5.717247
2994,Standard,17.99,613,3,1,1,5.084574
2995,Basic,17.99,637,2,0,1,1.986875
2996,Basic,13.99,488,4,1,0,0.718044
2997,Premium,17.99,327,4,0,0,1.111084
2998,Basic,13.99,601,3,1,1,4.870964
2999,Premium,17.99,662,2,0,1,1.698018
3000,Standard,8.99,160,1,1,0,2.727626
