CustomerID,SubscriptionType,MonthlyFee,TotalListenHours,NumDevices,HasAutoRenew,LastPaymentMissed,AvgListenTimePerDay
2001,Free,9.99,824,4,1,0,6.5
2002,Premium,0.0,21,5,1,1,1.41
2003,Free,0.0,327,5,0,1,1.48
2004,Free,0.0,601,3,1,0,0.96
2005,Free,0.0,225,2,1,1,6.02
2006,Premium,0.0,348,5,1,1,4.55
2007,Free,9.99,785,4,0,1,5.71
2008,Free,0.0,670,5,0,1,5.45
2009,Free,9.99,90,4,0,0,3.83
2010,Premium,9.99,736,3,1,0,6.94
2011,Free,0.0,494,5,0,0,7.71
2012,Free,0.0,383,4,1,1,0.64
2013,Free,9.99,985,3,0,1,2.47
2014,Free,0.0,719,2,0,1,7.28
2015,Premium,0.0,209,4,1,1,4.17
2016,Free,9.99,546,2,0,1,6.79
2017,Premium,9.99,475,2,1,0,3.8
2018,Premium,0.0,98,1,1,1,4.21
2019,Premium,9.99,277,5,0,1,2.01
2020,Free,0.0,664,4,1,0,2.95
2021,Premium,0.0,580,2,0,1,6.25
2022,Free,0.0,931,1,0,0,4.62
2023,Premium,9.99,498,3,1,0,7.86
2024,Premium,9.99,886,4,0,0,8.6
2025,Premium,9.99,547,2,1,0,5.65
2026,Premium,9.99,56,5,0,0,7.7
2027,Premium,9.99,297,1,0,1,3.42
2028,Premium,0.0,787,2,0,0,4.44
2029,Premium,0.0,25,5,0,0,7.27
2030,Premium,0.0,720,2,0,1,4.17
2031,Free,0.0,410,4,1,1,6.09
2032,Free,9.99,928,4,1,0,2.26
2033,Premium,0.0,803,4,1,1,6.2
2034,Premium,9.99,990,1,1,1,8.68
2035,Premium,0.0,95,4,1,0,8.75
2036,Free,9.99,259,5,1,0,7.38
2037,Premium,9.99,400,2,0,1,7.58
2038,Free,0.0,791,3,0,0,5.8
2039,Free,0.0,344,5,1,0,6.05
2040,Free,0.0,638,5,1,1,1.77
2041,Free,0.0,528,4,0,0,4.72
2042,Free,9.99,146,1,0,0,4.78
2043,Premium,0.0,892,2,0,0,9.61
2044,Premium,0.0,697,1,1,0,4.6
2045,Premium,9.99,849,2,1,0,5.72
2046,Premium,0.0,507,2,1,1,5.57
2047,Premium,0.0,836,1,0,1,6.55
2048,Free,0.0,736,5,0,0,7.61
2049,Premium,0.0,486,2,1,1,2.64
2050,Premium,0.0,603,1,1,0,5.52
2051,Free,9.99,232,2,0,0,8.35
2052,Premium,0.0,999,3,0,0,4.9
2053,Free,0.0,381,5,0,0,3.15
2054,Premium,0.0,944,4,0,0,6.72
2055,Free,0.0,411,2,1,1,8.33
2056,Premium,0.0,452,3,0,1,1.1
2057,Premium,9.99,499,4,0,0,7.88
2058,Free,0.0,624,4,0,1,8.31
2059,Free,9.99,282,2,1,0,4.88
2060,Free,9.99,535,1,1,1,9.84
2061,Free,0.0,168,2,0,0,7.97
2062,Free,0.0,161,3,0,1,7.85
2063,Free,0.0,629,4,0,0,7.6
2064,Free,0.0,197,2,1,0,1.93
2065,Free,9.99,822,1,1,1,2.56
2066,Premium,0.0,107,2,1,1,4.91
2067,Premium,0.0,140,5,0,0,3.01
2068,Free,0.0,814,1,1,1,4.44
2069,Premium,0.0,180,3,0,0,8.94
2070,Premium,0.0,945,4,0,1,8.33
2071,Premium,0.0,995,2,0,1,6.49
2072,Premium,9.99,192,1,1,0,8.65
2073,Free,9.99,992,5,0,1,7.95
2074,Premium,0.0,373,1,1,1,4.58
2075,Free,0.0,48,5,1,0,2.41
2076,Premium,0.0,536,3,0,1,5.38
2077,Premium,9.99,897,4,0,0,7.49
2078,Premium,0.0,506,3,1,0,4.65
2079,Free,9.99,525,2,0,0,6.83
2080,Premium,0.0,358,1,1,0,1.4
2081,Free,0.0,991,5,0,0,7.61
2082,Premium,0.0,930,5,1,1,8.22
2083,Free,0.0,406,1,1,0,7.21
2084,Premium,9.99,731,1,1,0,9.69
2085,Free,9.99,170,2,1,1,8.35
2086,Free,0.0,25,3,0,1,9.08
2087,Premium,0.0,502,5,0,1,9.37
2088,Free,9.99,435,2,1,0,8.11
2089,Premium,9.99,117,3,1,0,6.91
2090,Premium,9.99,903,2,0,0,0.55
2091,Premium,9.99,459,5,0,1,4.93
2092,Premium,0.0,320,1,0,0,5.93
2093,Premium,9.99,748,1,0,1,3.39
2094,Premium,0.0,179,3,0,0,3.52
2095,Premium,9.99,555,4,0,1,9.63
2096,Premium,9.99,423,3,1,0,8.97
2097,Premium,9.99,260,4,0,0,8.57
2098,Premium,9.99,768,2,0,0,4.36
2099,Premium,9.99,790,2,1,1,0.63
2100,Free,0.0,150,5,0,1,1.26
2101,Free,0.0,283,4,0,0,3.47
2102,Premium,9.99,425,5,0,0,0.65
2103,Premium,9.99,617,1,0,0,0.66
2104,Premium,0.0,748,4,0,1,9.21
2105,Premium,9.99,900,3,1,0,7.21
2106,Premium,9.99,48,1,0,0,3.44
2107,Premium,0.0,823,1,1,0,1.76
2108,Premium,9.99,38,3,1,0,5.36
2109,Premium,9.99,967,1,0,1,0.55
2110,Free,0.0,486,4,1,1,9.41
2111,Premium,0.0,327,5,0,0,4.44
2112,Free,0.0,254,1,1,0,4.32
2113,Premium,9.99,757,4,1,1,4.21
2114,Premium,0.0,706,2,0,1,1.16
2115,Free,0.0,281,4,0,0,6.56
2116,Premium,0.0,449,5,0,1,7.46
2117,Free,0.0,757,4,0,1,6.92
2118,Premium,0.0,248,3,0,0,1.82
2119,Premium,0.0,386,5,1,1,6.0
2120,Free,9.99,275,2,1,1,5.91
2121,Premium,9.99,935,3,1,0,8.75
2122,Free,0.0,930,4,1,0,4.1
2123,Premium,0.0,368,5,1,1,4.03
2124,Free,0.0,349,2,1,0,6.38
2125,Free,9.99,398,3,1,1,6.51
2126,Premium,9.99,586,2,0,0,4.96
2127,Premium,9.99,999,4,0,1,4.71
2128,Free,9.99,698,2,1,0,5.19
2129,Premium,9.99,12,1,1,1,8.68
2130,Premium,9.99,438,3,0,1,4.88
2131,Premium,9.99,151,2,0,1,9.43
2132,Free,9.99,385,4,0,0,5.29
2133,Free,9.99,679,4,0,0,9.52
2134,Free,0.0,333,2,1,1,8.41
2135,Free,0.0,155,4,0,1,3.94
2136,Free,0.0,967,5,1,0,8.7
2137,Free,0.0,302,5,1,0,1.55
2138,Free,9.99,674,5,1,0,9.29
2139,Free,9.99,441,1,0,0,6.5
2140,Free,0.0,714,2,0,0,1.02
2141,Premium,9.99,958,1,1,0,6.62
2142,Free,0.0,984,4,1,1,9.76
2143,Premium,9.99,594,1,1,0,1.16
2144,Premium,0.0,408,4,0,1,5.77
2145,Premium,9.99,826,4,1,0,7.6
2146,Free,9.99,898,3,0,0,8.2
2147,Free,0.0,353,5,1,1,4.43
2148,Free,9.99,973,4,1,1,2.44
2149,Free,0.0,149,3,1,0,0.9
2150,Premium,0.0,196,5,0,1,6.01
2151,Free,0.0,814,4,0,1,4.8
2152,Free,0.0,70,4,1,1,9.51
2153,Free,9.99,948,1,0,1,1.08
2154,Free,9.99,389,1,1,0,7.01
2155,Free,9.99,719,5,0,1,0.74
2156,Premium,0.0,816,4,0,0,2.13
2157,Free,9.99,449,2,0,0,4.81
2158,Premium,0.0,328,1,1,0,4.82
2159,Free,9.99,311,5,0,0,7.01
2160,Premium,9.99,353,4,0,1,9.15
2161,Free,9.99,20,4,1,1,6.57
2162,Free,0.0,71,2,1,0,9.56
2163,Premium,9.99,854,5,1,0,8.88
2164,Premium,9.99,235,4,1,0,6.05
2165,Premium,0.0,162,1,0,0,8.42
2166,Free,9.99,720,2,0,1,6.6
2167,Premium,0.0,573,5,0,0,1.25
2168,Free,9.99,781,2,0,1,7.54
2169,Free,0.0,580,1,0,0,1.4
2170,Premium,0.0,593,5,1,0,6.14
2171,Premium,9.99,669,2,0,0,7.18
2172,Free,0.0,870,3,0,0,1.13
2173,Free,0.0,584,1,0,1,2.69
2174,Premium,0.0,319,1,1,1,9.2
2175,Premium,0.0,894,1,1,1,6.35
2176,Premium,0.0,252,3,0,0,2.84
2177,Free,0.0,502,3,1,0,7.06
2178,Free,9.99,375,4,1,1,6.17
2179,Free,0.0,339,2,1,1,5.26
2180,Free,0.0,116,4,1,0,9.77
2181,Free,9.99,235,2,1,0,6.99
2182,Free,9.99,834,3,1,1,4.07
2183,Premium,9.99,227,3,1,0,8.1
2184,Free,9.99,946,4,0,0,8.9
2185,Free,9.99,762,5,0,1,1.69
2186,Free,9.99,515,4,1,0,2.41
2187,Premium,9.99,268,2,0,1,2.55
2188,Free,0.0,897,4,0,0,7.07
2189,Free,0.0,783,1,1,1,6.23
2190,Premium,9.99,526,2,0,0,6.38
2191,Free,0.0,782,2,1,1,9.44
2192,Free,0.0,63,5,1,1,7.87
2193,Free,0.0,56,3,1,1,1.72
2194,Free,9.99,736,2,0,1,3.8
2195,Free,9.99,698,3,0,0,4.64
2196,Premium,0.0,530,4,0,0,4.26
2197,Premium,9.99,108,1,0,1,6.86
2198,Premium,0.0,29,5,1,0,8.97
2199,Free,0.0,899,3,1,0,3.41
2200,Free,0.0,762,2,0,0,5.74
2201,Free,0.0,582,3,1,0,8.0
2202,Premium,9.99,900,2,1,0,4.45
2203,Free,9.99,499,3,0,1,2.1
2204,Free,9.99,428,2,1,1,5.01
2205,Premium,0.0,699,4,0,1,1.02
2206,Free,9.99,859,2,1,1,9.45
2207,Premium,0.0,71,2,0,0,1.21
2208,Premium,9.99,154,1,1,0,4.67
2209,Premium,0.0,225,2,1,1,5.53
2210,Free,0.0,12,1,0,0,9.86
2211,Free,0.0,169,5,0,0,2.08
2212,Free,9.99,748,1,0,1,1.59
2213,Free,9.99,790,4,0,0,0.58
2214,Free,9.99,129,1,1,1,1.98
2215,Free,9.99,902,5,1,1,2.47
2216,Free,0.0,98,4,0,0,6.49
2217,Premium,9.99,338,3,1,0,2.59
2218,Free,9.99,589,3,0,1,0.69
2219,Premium,0.0,919,1,0,1,8.35
2220,Free,0.0,366,1,1,0,3.97
2221,Free,0.0,619,5,1,1,3.86
2222,Free,9.99,276,5,0,1,3.37
2223,Premium,0.0,626,2,0,1,9.77
2224,Premium,0.0,961,5,0,0,2.12
2225,Premium,0.0,332,2,1,1,9.03
2226,Premium,9.99,644,4,1,0,7.88
2227,Free,0.0,997,1,1,1,1.23
2228,Premium,9.99,550,4,1,0,9.87
2229,Free,9.99,658,5,0,1,3.08
2230,Free,0.0,204,4,0,0,1.44
2231,Premium,0.0,930,4,0,0,8.38
2232,Premium,9.99,747,4,0,0,7.21
2233,Premium,0.0,341,5,0,1,6.36
2234,Premium,0.0,179,4,0,1,1.98
2235,Premium,9.99,530,2,1,1,5.05
2236,Premium,9.99,472,5,1,0,7.92
2237,Premium,0.0,49,4,0,1,3.38
2238,Premium,9.99,546,5,0,0,3.46
2239,Free,0.0,270,3,1,1,0.53
2240,Premium,0.0,404,2,1,0,2.16
2241,Premium,0.0,964,4,1,0,8.82
2242,Free,9.99,235,3,1,0,4.7
2243,Premium,0.0,993,3,0,1,9.85
2244,Free,0.0,133,5,0,1,4.26
2245,Free,0.0,984,3,0,1,7.29
2246,Premium,9.99,47,2,0,0,3.18
2247,Free,9.99,337,2,0,0,3.96
2248,Free,9.99,260,1,1,1,2.31
2249,Free,9.99,910,2,0,1,3.8
2250,Free,9.99,185,3,1,1,5.7
2251,Premium,0.0,611,2,0,0,9.92
2252,Free,9.99,923,5,0,0,6.81
2253,Premium,9.99,463,1,0,0,2.39
2254,Free,9.99,46,3,0,0,0.93
2255,Free,0.0,325,1,0,0,1.7
2256,Free,9.99,697,3,1,1,5.84
2257,Free,9.99,982,5,1,0,7.77
2258,Premium,0.0,805,1,1,0,9.43
2259,Premium,9.99,974,4,0,0,0.65
2260,Free,0.0,982,3,0,0,5.47
2261,Free,0.0,602,4,1,0,4.97
2262,Premium,0.0,123,1,0,1,6.73
2263,Free,0.0,49,4,0,0,5.82
2264,Free,0.0,310,4,1,0,7.03
2265,Free,9.99,233,1,0,0,6.75
2266,Premium,0.0,327,5,1,1,1.61
2267,Premium,0.0,358,4,0,1,8.1
2268,Premium,9.99,124,4,1,1,1.67
2269,Free,0.0,707,5,0,0,7.14
2270,Free,9.99,332,4,0,1,4.45
2271,Premium,9.99,577,4,1,0,5.38
2272,Premium,9.99,49,4,0,0,9.08
2273,Premium,0.0,875,2,0,1,8.95
2274,Premium,0.0,49,5,1,0,8.27
2275,Free,0.0,868,4,0,0,5.35
2276,Premium,9.99,982,5,1,0,7.49
2277,Free,0.0,758,3,0,1,5.37
2278,Premium,0.0,298,3,0,0,8.76
2279,Free,0.0,271,4,0,0,4.33
2280,Premium,9.99,225,5,0,1,9.72
2281,Premium,9.99,156,5,1,0,9.36
2282,Premium,0.0,345,5,0,0,7.55
2283,Premium,0.0,177,2,1,1,3.15
2284,Free,0.0,101,3,0,0,1.75
2285,Premium,0.0,362,5,0,0,8.62
2286,Free,9.99,580,5,0,0,2.07
2287,Free,9.99,580,2,0,0,8.62
2288,Free,9.99,825,2,1,0,5.16
2289,Free,9.99,690,5,1,1,4.36
2290,Premium,0.0,790,1,1,1,9.08
2291,Free,0.0,372,5,1,1,6.24
2292,Free,0.0,566,5,0,1,5.98
2293,Free,9.99,354,2,1,0,5.81
2294,Premium,0.0,702,2,1,0,4.03
2295,Premium,9.99,179,5,0,0,7.96
2296,Premium,9.99,365,5,0,0,2.9
2297,Premium,0.0,200,5,0,0,9.42
2298,Free,0.0,676,2,0,1,8.99
2299,Free,0.0,431,5,1,1,3.71
2300,Premium,9.99,709,5,1,0,7.43
2301,Free,0.0,16,4,0,0,5.95
2302,Free,9.99,142,1,0,0,3.71
2303,Free,0.0,756,3,0,1,9.89
2304,Premium,9.99,566,1,1,0,0.74
2305,Premium,9.99,835,4,1,0,2.9
2306,Free,0.0,770,3,0,0,5.44
2307,Premium,9.99,40,5,0,1,5.46
2308,Premium,9.99,544,4,1,0,6.09
2309,Premium,0.0,435,5,0,1,7.64
2310,Premium,9.99,403,2,0,1,6.42
2311,Premium,0.0,681,4,1,1,6.2
2312,Free,9.99,372,2,0,1,1.01
2313,Premium,0.0,446,4,1,1,4.08
2314,Free,0.0,679,4,0,1,2.7
2315,Free,9.99,560,2,0,0,3.02
2316,Premium,9.99,936,3,1,0,5.77
2317,Free,9.99,91,1,1,0,2.4
2318,Free,9.99,365,5,0,1,3.29
2319,Free,9.99,267,4,1,0,2.75
2320,Premium,0.0,727,5,0,1,9.51
2321,Premium,9.99,598,2,0,1,9.47
2322,Free,0.0,998,5,1,1,6.29
2323,Premium,0.0,533,2,0,0,9.28
2324,Premium,9.99,304,5,0,1,7.97
2325,Premium,0.0,971,1,1,1,6.1
2326,Premium,0.0,233,1,1,0,0.56
2327,Free,0.0,534,1,0,0,7.84
2328,Free,0.0,55,1,1,1,7.17
2329,Premium,9.99,676,1,1,1,6.34
2330,Premium,0.0,122,1,1,0,7.72
2331,Free,9.99,242,2,1,0,5.37
2332,Free,9.99,26,4,0,0,7.19
2333,Premium,0.0,369,5,0,1,9.38
2334,Free,9.99,232,1,0,0,4.07
2335,Premium,9.99,875,2,1,0,7.23
2336,Premium,9.99,709,2,1,0,5.02
2337,Free,0.0,457,2,1,1,6.91
2338,Free,9.99,865,4,1,0,7.75
2339,Premium,9.99,374,5,1,0,0.93
2340,Premium,9.99,684,4,1,0,6.64
2341,Free,0.0,335,3,1,0,2.65
2342,Premium,9.99,476,2,0,0,6.87
2343,Free,0.0,423,3,0,1,4.95
2344,Premium,0.0,464,1,1,1,7.85
2345,Free,0.0,595,1,1,1,1.67
2346,Free,0.0,242,4,1,0,6.45
2347,Free,0.0,233,5,0,1,3.15
2348,Premium,0.0,840,3,0,1,8.6
2349,Premium,9.99,421,5,1,1,9.32
2350,Free,0.0,581,4,1,0,9.97
2351,Premium,9.99,344,1,0,0,8.06
2352,Free,9.99,231,5,0,1,7.66
2353,Free,0.0,46,5,0,1,2.55
2354,Premium,9.99,998,1,0,0,3.69
2355,Premium,9.99,287,3,1,0,4.92
2356,Free,9.99,205,1,0,1,7.85
2357,Premium,9.99,925,5,0,0,9.19
2358,Premium,0.0,873,3,1,1,2.3
2359,Free,9.99,493,3,0,0,9.26
2360,Free,0.0,251,1,0,1,7.11
2361,Premium,9.99,333,5,0,1,6.3
2362,Free,9.99,740,4,1,0,2.4
2363,Free,0.0,201,5,0,1,1.03
2364,Premium,9.99,26,2,1,1,5.9
2365,Free,9.99,533,4,1,1,6.69
2366,Free,9.99,927,3,0,0,2.5
2367,Premium,0.0,410,4,0,0,5.79
2368,Premium,9.99,915,3,0,0,8.64
2369,Free,0.0,895,3,0,1,8.43
2370,Free,9.99,714,4,1,0,9.31
2371,Premium,0.0,31,3,0,1,3.98
2372,Premium,0.0,483,3,0,1,3.52
2373,Premium,9.99,129,2,0,0,7.62
2374,Premium,9.99,219,5,1,0,4.6
2375,Free,0.0,315,5,0,1,1.33
2376,Premium,0.0,279,2,0,1,3.19
2377,Premium,9.99,713,4,1,0,4.48
2378,Free,0.0,696,1,1,0,3.28
2379,Premium,9.99,294,1,0,0,3.66
2380,Free,9.99,725,1,0,1,3.29
2381,Premium,9.99,685,2,0,1,0.89
2382,Premium,9.99,772,2,0,1,6.55
2383,Premium,0.0,236,3,0,1,6.17
2384,Free,9.99,957,1,1,1,6.71
2385,Free,0.0,390,4,1,0,2.33
2386,Premium,9.99,469,4,0,0,3.31
2387,Free,0.0,16,1,0,1,6.39
2388,Free,9.99,38,1,1,1,6.2
2389,Free,0.0,916,1,0,0,5.31
2390,Free,0.0,42,2,0,0,3.83
2391,Free,9.99,655,2,0,0,9.17
2392,Free,9.99,888,2,0,0,3.73
2393,Premium,9.99,88,5,0,1,4.83
2394,Premium,9.99,937,4,1,0,6.94
2395,Free,0.0,956,4,0,1,5.66
2396,Premium,9.99,468,3,0,0,3.8
2397,Premium,0.0,579,2,0,0,4.64
2398,Premium,0.0,992,5,1,0,8.05
2399,Premium,9.99,547,5,1,1,3.14
2400,Free,0.0,491,4,1,1,1.85
2401,Premium,0.0,439,2,1,0,3.48
2402,Premium,0.0,747,3,0,1,8.57
2403,Free,0.0,294,2,1,1,1.35
2404,Free,9.99,525,1,0,0,9.92
2405,Premium,9.99,986,2,0,0,5.64
2406,Premium,9.99,108,1,1,1,9.86
2407,Premium,9.99,406,1,1,1,9.42
2408,Premium,0.0,498,3,1,1,4.8
2409,Premium,0.0,48,4,1,0,2.39
2410,Premium,9.99,280,2,1,0,2.07
2411,Free,9.99,896,1,0,1,2.78
2412,Premium,9.99,806,2,1,0,7.25
2413,Premium,0.0,166,4,1,0,3.09
2414,Free,9.99,84,4,1,1,3.74
2415,Free,9.99,893,5,0,1,4.76
2416,Free,9.99,809,4,1,0,9.18
2417,Free,0.0,139,3,0,0,2.3
2418,Premium,0.0,696,1,1,1,0.55
2419,Premium,0.0,983,5,1,0,1.07
2420,Premium,0.0,93,3,0,0,9.1
2421,Premium,0.0,31,2,1,1,6.65
2422,Premium,0.0,468,1,0,1,3.09
2423,Premium,0.0,548,4,0,0,2.18
2424,Free,0.0,716,1,0,0,3.3
2425,Premium,9.99,858,2,1,0,1.59
2426,Free,9.99,391,5,1,1,9.44
2427,Free,0.0,757,5,1,0,7.95
2428,Premium,0.0,449,5,0,0,4.89
2429,Free,9.99,613,4,1,1,8.72
2430,Premium,0.0,998,3,0,1,2.87
2431,Free,0.0,30,3,1,0,7.31
2432,Premium,0.0,312,1,0,1,8.63
2433,Free,9.99,985,4,0,1,3.89
2434,Premium,9.99,878,5,0,0,7.7
2435,Premium,9.99,964,5,1,1,3.3
2436,Premium,9.99,93,2,0,1,3.34
2437,Premium,9.99,783,2,0,0,1.52
2438,Premium,0.0,668,5,0,1,4.68
2439,Free,9.99,962,5,0,0,7.43
2440,Free,0.0,462,4,0,0,9.43
2441,Free,0.0,396,3,0,1,6.24
2442,Premium,9.99,516,2,1,1,8.7
2443,Free,9.99,266,3,1,1,8.31
2444,Premium,0.0,579,4,0,0,2.15
2445,Premium,0.0,901,5,1,1,5.12
2446,Free,0.0,943,3,1,0,1.61
2447,Free,9.99,536,5,0,1,6.98
2448,Premium,9.99,171,5,0,1,9.52
2449,Free,9.99,966,1,0,1,1.8
2450,Premium,9.99,172,3,1,0,7.47
2451,Premium,9.99,841,3,0,1,6.51
2452,Premium,0.0,802,5,1,1,6.04
2453,Premium,9.99,801,4,0,0,4.21
2454,Premium,0.0,533,1,1,0,3.87
2455,Free,0.0,795,5,0,1,0.93
2456,Free,0.0,280,2,0,1,2.57
2457,Premium,9.99,501,2,1,1,0.64
2458,Premium,9.99,217,1,1,0,6.02
2459,Free,9.99,548,4,1,0,1.51
2460,Free,0.0,593,5,1,0,8.79
2461,Premium,0.0,69,3,1,0,5.47
2462,Free,0.0,439,1,1,1,7.15
2463,Premium,0.0,994,4,0,0,4.4
2464,Free,0.0,666,3,1,0,5.83
2465,Premium,0.0,614,2,0,0,9.46
2466,Free,9.99,318,2,0,1,1.29
2467,Premium,9.99,529,3,1,1,2.91
2468,Free,9.99,600,1,0,0,7.91
2469,Free,9.99,36,2,1,0,1.44
2470,Premium,0.0,695,5,1,1,1.22
2471,Free,0.0,571,3,0,1,3.93
2472,Premium,9.99,208,3,0,1,1.38
2473,Free,0.0,396,2,1,1,6.06
2474,Premium,9.99,358,1,1,1,2.65
2475,Free,9.99,969,5,0,1,9.01
2476,Premium,9.99,949,1,0,1,7.94
2477,Free,0.0,702,4,0,1,7.15
2478,Premium,9.99,545,4,0,0,6.36
2479,Free,9.99,837,2,1,0,8.7
2480,Premium,9.99,387,2,1,0,2.62
2481,Premium,0.0,908,2,1,0,8.79
2482,Premium,0.0,925,4,1,0,8.0
2483,Free,9.99,567,1,0,0,7.61
2484,Premium,0.0,536,1,0,1,5.83
2485,Free,0.0,162,2,1,1,2.84
2486,Premium,0.0,743,5,1,0,4.52
2487,Free,0.0,215,1,1,0,8.04
2488,Premium,0.0,464,4,1,1,0.8
2489,Free,0.0,282,3,1,1,7.93
2490,Free,0.0,903,3,1,1,2.78
2491,Premium,0.0,245,3,1,0,1.87
2492,Free,0.0,861,5,1,1,1.6
2493,Free,0.0,749,2,1,0,0.76
2494,Premium,9.99,530,4,0,0,5.47
2495,Free,9.99,687,5,1,1,2.57
2496,Free,0.0,953,4,0,1,9.9
2497,Free,9.99,965,4,0,0,5.96
2498,Premium,9.99,840,2,1,1,1.81
2499,Free,0.0,735,3,1,1,7.04
2500,Premium,0.0,510,2,0,0,9.03
2501,Free,0.0,126,5,0,1,7.58
2502,Free,9.99,395,5,1,0,1.23
2503,Free,9.99,353,5,0,0,9.01
2504,Premium,0.0,593,2,1,1,8.04
2505,Free,0.0,404,4,1,0,2.0
2506,Free,0.0,73,4,1,0,0.99
2507,Premium,9.99,726,1,0,1,5.79
2508,Free,9.99,730,5,0,1,1.98
2509,Premium,9.99,81,4,1,1,8.43
2510,Premium,9.99,798,1,0,0,3.9
2511,Free,0.0,283,4,0,0,9.17
2512,Premium,0.0,999,5,0,1,5.87
2513,Free,0.0,329,3,0,0,2.24
2514,Premium,0.0,347,5,0,1,1.83
2515,Premium,9.99,375,2,0,1,5.98
2516,Free,9.99,504,4,0,0,7.74
2517,Premium,0.0,616,4,1,1,7.92
2518,Premium,0.0,175,2,0,0,3.12
2519,Premium,9.99,553,2,0,0,2.44
2520,Premium,0.0,20,3,0,1,0.66
2521,Premium,9.99,310,4,0,0,6.95
2522,Free,0.0,738,4,0,1,1.23
2523,Premium,0.0,810,3,0,0,4.5
2524,Free,0.0,111,1,0,0,6.22
2525,Premium,0.0,434,3,0,0,9.4
2526,Free,0.0,401,5,1,1,3.46
2527,Free,0.0,788,4,0,0,2.87
2528,Premium,0.0,223,2,0,1,6.71
2529,Premium,9.99,700,5,0,0,6.38
2530,Premium,9.99,97,4,0,0,3.66
2531,Free,9.99,562,3,1,1,9.32
2532,Premium,9.99,410,5,1,1,8.53
2533,Free,9.99,597,4,1,1,2.63
2534,Free,0.0,898,1,1,1,2.77
2535,Free,0.0,55,1,1,1,5.37
2536,Premium,9.99,681,2,1,0,7.85
2537,Premium,0.0,472,4,1,0,0.92
2538,Free,9.99,601,1,1,1,7.09
2539,Free,9.99,319,3,1,0,6.66
2540,Premium,0.0,95,4,1,0,2.7
2541,Free,0.0,101,3,1,0,6.97
2542,Premium,0.0,669,3,1,1,9.43
2543,Free,9.99,682,1,1,0,0.94
2544,Premium,0.0,723,4,1,0,3.54
2545,Free,9.99,945,5,1,0,4.66
2546,Premium,9.99,937,1,1,1,9.04
2547,Free,9.99,251,1,0,0,9.64
2548,Premium,0.0,874,4,1,0,4.72
2549,Premium,0.0,11,4,0,1,7.63
2550,Free,9.99,234,3,1,1,5.55
2551,Free,0.0,810,4,1,0,5.61
2552,Premium,0.0,754,3,0,0,3.14
2553,Free,0.0,982,1,1,1,2.56
2554,Premium,9.99,935,2,0,1,3.24
2555,Free,9.99,938,5,0,1,5.79
2556,Premium,0.0,598,1,0,1,0.78
2557,Premium,9.99,125,4,1,1,9.12
2558,Premium,0.0,675,5,1,1,1.98
2559,Premium,0.0,927,2,1,1,2.59
2560,Premium,0.0,112,2,0,0,5.42
2561,Premium,0.0,203,3,0,1,7.25
2562,Free,9.99,175,5,1,1,1.41
2563,Free,9.99,880,3,1,0,3.52
2564,Free,9.99,99,1,1,1,9.7
2565,Premium,0.0,695,5,1,1,2.99
2566,Premium,0.0,131,1,1,0,3.47
2567,Premium,0.0,152,3,0,1,8.45
2568,Premium,9.99,115,5,0,0,0.98
2569,Free,0.0,896,3,0,0,4.91
2570,Free,9.99,437,5,1,0,4.11
2571,Premium,9.99,314,3,0,0,3.51
2572,Free,9.99,881,2,0,1,3.21
2573,Free,9.99,980,3,0,0,1.37
2574,Premium,9.99,326,2,0,0,3.49
2575,Free,9.99,972,3,0,1,0.91
2576,Premium,0.0,644,5,1,0,7.92
2577,Free,0.0,911,5,0,0,4.28
2578,Premium,9.99,18,5,1,0,4.72
2579,Premium,9.99,783,4,1,0,8.99
2580,Premium,0.0,82,1,1,1,6.75
2581,Premium,9.99,368,5,1,0,0.58
2582,Free,9.99,232,2,1,1,9.46
2583,Premium,0.0,425,5,0,1,2.75
2584,Premium,9.99,562,4,0,0,1.52
2585,Premium,9.99,379,2,1,0,7.8
2586,Free,9.99,725,4,1,0,5.25
2587,Premium,0.0,273,2,1,0,4.62
2588,Free,0.0,849,3,0,1,2.87
2589,Premium,0.0,699,1,1,1,5.7
2590,Free,9.99,869,1,0,1,3.11
2591,Free,9.99,327,4,1,0,9.07
2592,Premium,0.0,93,1,0,1,2.54
2593,Free,9.99,327,4,1,0,8.9
2594,Premium,9.99,120,4,0,0,5.81
2595,Premium,9.99,260,4,1,0,8.37
2596,Premium,9.99,392,1,0,0,7.27
2597,Free,9.99,16,4,0,0,7.12
2598,Free,0.0,468,1,0,1,3.58
2599,Premium,9.99,93,4,0,1,2.72
2600,Premium,0.0,217,5,0,0,2.5
2601,Free,9.99,909,4,0,1,8.64
2602,Premium,0.0,399,2,0,0,8.29
2603,Premium,9.99,323,4,1,0,4.69
2604,Premium,0.0,31,3,1,0,1.76
2605,Free,9.99,419,4,1,1,4.13
2606,Free,0.0,904,2,1,0,6.38
2607,Free,9.99,524,2,1,0,4.82
2608,Premium,0.0,136,1,0,1,7.91
2609,Premium,9.99,818,5,0,1,9.98
2610,Premium,0.0,709,4,0,1,2.32
2611,Free,0.0,883,1,0,0,4.87
2612,Premium,9.99,23,5,0,0,4.59
2613,Premium,9.99,980,4,1,1,3.39
2614,Premium,0.0,987,3,1,0,2.38
2615,Premium,9.99,21,4,1,1,1.12
2616,Free,0.0,96,2,1,1,8.93
2617,Free,0.0,533,2,0,0,4.49
2618,Premium,0.0,918,3,0,0,5.22
2619,Free,9.99,546,1,0,1,9.21
2620,Free,0.0,310,5,1,1,7.87
2621,Premium,0.0,252,4,0,1,1.74
2622,Premium,9.99,131,2,1,1,5.87
2623,Free,9.99,156,1,0,0,4.7
2624,Premium,9.99,576,3,0,1,8.07
2625,Free,9.99,759,2,1,1,7.38
2626,Premium,0.0,365,3,0,1,7.06
2627,Free,0.0,694,4,0,0,3.74
2628,Premium,0.0,913,5,1,0,8.15
2629,Free,0.0,742,2,0,1,1.0
2630,Free,9.99,640,2,1,0,2.02
2631,Free,0.0,318,4,0,0,3.69
2632,Premium,0.0,704,1,0,0,1.23
2633,Free,9.99,297,5,0,1,2.73
2634,Free,0.0,316,2,0,1,8.39
2635,Premium,0.0,821,5,0,0,9.51
2636,Premium,0.0,603,2,0,1,3.39
2637,Free,0.0,975,5,0,1,3.01
2638,Free,0.0,923,3,0,0,3.16
2639,Premium,0.0,732,2,1,0,3.14
2640,Premium,9.99,671,5,1,1,0.84
2641,Premium,9.99,558,1,0,0,9.31
2642,Premium,0.0,361,3,0,1,2.53
2643,Premium,0.0,321,3,1,1,4.49
2644,Free,9.99,882,1,0,0,0.59
2645,Premium,0.0,68,5,0,1,8.65
2646,Free,0.0,652,4,1,1,7.45
2647,Free,0.0,933,1,0,0,9.49
2648,Free,9.99,723,5,0,0,7.93
2649,Premium,0.0,764,1,1,0,3.48
2650,Free,9.99,44,1,0,1,2.85
2651,Free,0.0,454,2,0,0,7.13
2652,Premium,9.99,102,5,1,0,3.96
2653,Free,9.99,959,4,0,0,5.88
2654,Free,0.0,968,2,1,0,0.56
2655,Premium,9.99,216,1,0,1,1.09
2656,Free,0.0,362,1,0,1,5.59
2657,Free,9.99,912,1,1,0,5.88
2658,Free,0.0,341,5,1,1,7.64
2659,Premium,0.0,826,5,0,0,1.75
2660,Premium,9.99,871,2,1,0,5.38
2661,Premium,0.0,734,4,1,1,2.35
2662,Free,0.0,168,2,0,1,1.39
2663,Free,9.99,963,3,0,0,4.4
2664,Premium,0.0,966,1,0,0,2.05
2665,Free,0.0,33,1,1,1,2.61
2666,Free,9.99,413,1,1,0,3.52
2667,Premium,9.99,814,2,1,1,2.96
2668,Premium,0.0,525,2,1,0,1.33
2669,Free,0.0,741,1,0,0,1.35
2670,Free,9.99,373,2,1,1,2.34
2671,Free,9.99,391,5,0,1,0.98
2672,Premium,0.0,541,5,1,1,6.45
2673,Premium,9.99,965,2,0,1,3.23
2674,Premium,0.0,161,1,0,1,3.16
2675,Premium,0.0,571,2,0,1,3.65
2676,Free,0.0,698,2,1,1,6.8
2677,Premium,0.0,956,2,0,0,8.77
2678,Premium,0.0,617,3,0,0,7.71
2679,Premium,9.99,626,5,1,0,7.41
2680,Premium,9.99,429,4,0,1,5.1
2681,Premium,9.99,259,4,1,1,7.09
2682,Free,9.99,126,3,1,1,5.75
2683,Free,0.0,875,2,0,0,2.55
2684,Premium,0.0,521,3,0,1,2.48
2685,Free,0.0,749,3,1,1,3.32
2686,Premium,0.0,587,1,0,0,9.15
2687,Premium,9.99,344,5,1,1,5.7
2688,Free,0.0,427,4,1,0,7.47
2689,Free,0.0,941,2,1,0,3.79
2690,Premium,9.99,783,4,0,1,4.37
2691,Premium,9.99,304,4,1,1,1.69
2692,Premium,9.99,947,5,0,1,2.13
2693,Free,9.99,764,4,0,0,8.36
2694,Premium,0.0,380,4,0,0,6.06
2695,Premium,0.0,195,3,0,0,3.71
2696,Premium,9.99,255,5,1,1,8.13
2697,Free,0.0,646,1,0,1,2.84
2698,Premium,0.0,277,2,1,1,9.77
2699,Premium,0.0,652,4,1,1,3.78
2700,Free,9.99,246,2,0,0,3.7
2701,Premium,0.0,539,1,1,0,3.46
2702,Premium,9.99,561,2,1,0,1.66
2703,Free,0.0,30,1,0,0,1.56
2704,Premium,0.0,920,3,1,1,6.66
2705,Free,0.0,746,4,1,1,8.81
2706,Free,9.99,876,1,1,1,8.01
2707,Premium,0.0,803,2,1,0,1.84
2708,Premium,9.99,529,4,0,0,5.68
2709,Premium,9.99,109,3,1,1,1.5
2710,Premium,9.99,761,4,1,1,0.93
2711,Free,0.0,487,1,1,0,6.74
2712,Premium,0.0,608,3,1,1,5.58
2713,Free,0.0,307,2,0,0,1.28
2714,Premium,0.0,949,3,1,0,0.83
2715,Premium,9.99,535,3,0,0,9.9
2716,Premium,9.99,343,5,1,1,0.79
2717,Free,9.99,11,3,0,1,4.72
2718,Premium,0.0,384,3,0,0,5.29
2719,Premium,9.99,302,4,0,1,1.61
2720,Premium,0.0,846,2,0,0,2.11
2721,Premium,9.99,943,4,0,0,3.84
2722,Free,0.0,562,4,1,0,7.74
2723,Premium,0.0,327,1,1,0,5.32
2724,Free,9.99,511,4,1,1,6.56
2725,Free,9.99,837,5,0,0,9.86
2726,Free,9.99,390,5,1,0,7.8
2727,Free,9.99,632,1,0,1,4.63
2728,Free,0.0,23,2,0,0,4.74
2729,Free,9.99,513,2,1,0,6.38
2730,Premium,9.99,240,4,1,1,6.82
2731,Free,9.99,994,4,0,1,5.26
2732,Free,0.0,93,4,0,1,6.63
2733,Free,0.0,139,2,1,0,0.72
2734,Premium,9.99,752,3,1,1,4.58
2735,Premium,0.0,847,5,1,1,3.15
2736,Free,9.99,154,3,1,0,1.73
2737,Premium,0.0,900,3,0,0,1.45
2738,Free,0.0,866,2,1,0,6.23
2739,Free,0.0,37,3,1,0,5.47
2740,Premium,0.0,75,1,1,0,2.91
2741,Free,9.99,172,4,0,1,4.97
2742,Premium,9.99,238,1,0,1,5.18
2743,Premium,9.99,270,5,0,1,2.35
2744,Free,0.0,458,4,0,0,6.69
2745,Free,9.99,433,3,1,0,7.92
2746,Premium,9.99,469,5,0,0,8.02
2747,Free,9.99,961,4,1,1,6.22
2748,Free,0.0,685,3,1,1,5.36
2749,Free,0.0,310,1,1,0,1.08
2750,Premium,0.0,928,4,1,1,3.23
2751,Premium,9.99,312,3,0,0,1.39
2752,Free,9.99,296,1,0,1,9.66
2753,Premium,9.99,404,5,0,1,1.78
2754,Premium,0.0,19,5,1,1,1.94
2755,Premium,0.0,716,5,1,0,8.95
2756,Premium,9.99,639,5,1,1,9.47
2757,Premium,0.0,279,2,1,1,7.78
2758,Free,0.0,601,4,1,0,0.55
2759,Free,0.0,979,4,0,1,0.51
2760,Free,0.0,614,2,1,0,4.09
2761,Premium,9.99,787,3,0,0,1.86
2762,Premium,0.0,853,3,1,0,0.67
2763,Free,0.0,871,5,1,0,4.91
2764,Premium,0.0,370,1,0,0,9.46
2765,Free,0.0,266,3,0,1,3.58
2766,Free,9.99,142,1,1,0,6.78
2767,Free,9.99,285,4,1,0,6.7
2768,Premium,0.0,785,1,1,0,2.89
2769,Premium,0.0,692,4,1,0,6.68
2770,Free,0.0,981,2,0,1,2.52
2771,Free,0.0,522,2,1,0,1.66
2772,Free,0.0,322,5,0,1,7.16
2773,Free,0.0,585,3,1,0,1.58
2774,Premium,9.99,895,5,0,1,9.97
2775,Premium,0.0,989,4,0,0,2.24
2776,Free,9.99,293,5,1,0,6.14
2777,Free,9.99,130,1,0,1,4.41
2778,Premium,0.0,116,4,1,0,1.7
2779,Premium,9.99,942,2,0,1,0.76
2780,Free,9.99,696,3,1,0,6.42
2781,Free,9.99,213,4,0,1,8.16
2782,Free,9.99,174,4,1,0,8.5
2783,Premium,9.99,314,1,1,0,5.09
2784,Premium,9.99,506,3,0,1,7.89
2785,Premium,0.0,641,2,0,0,6.89
2786,Free,9.99,565,4,0,0,7.38
2787,Free,9.99,833,4,0,0,5.18
2788,Premium,9.99,165,1,1,0,6.52
2789,Premium,0.0,376,5,0,0,8.15
2790,Free,9.99,728,2,1,0,4.28
2791,Premium,0.0,911,3,0,1,8.16
2792,Premium,9.99,629,4,1,1,6.12
2793,Free,0.0,260,4,1,1,2.08
2794,Premium,0.0,966,2,1,0,0.73
2795,Free,9.99,925,5,1,1,3.95
2796,Free,9.99,891,4,0,0,5.69
2797,Free,0.0,343,2,0,0,8.48
2798,Free,9.99,651,1,1,0,1.71
2799,Free,0.0,978,5,0,0,8.1
2800,Free,0.0,520,3,0,1,8.7
2801,Free,0.0,302,4,1,0,1.93
2802,Premium,0.0,29,2,0,1,8.59
2803,Free,0.0,291,1,0,0,9.92
2804,Free,9.99,806,3,0,1,7.4
2805,Premium,0.0,10,2,1,1,7.96
2806,Premium,0.0,128,2,0,1,9.95
2807,Premium,9.99,44,3,1,1,6.25
2808,Free,0.0,207,1,0,1,3.42
2809,Premium,9.99,494,1,0,1,8.46
2810,Free,9.99,766,5,0,0,6.34
2811,Free,9.99,68,4,1,1,6.02
2812,Free,0.0,846,3,1,0,2.91
2813,Free,0.0,170,3,0,1,7.69
2814,Premium,0.0,700,3,1,0,1.28
2815,Premium,9.99,215,1,0,1,9.28
2816,Free,0.0,21,4,1,1,3.6
2817,Free,9.99,499,5,1,0,1.71
2818,Free,0.0,285,2,0,1,4.7
2819,Premium,9.99,702,2,0,1,0.9
2820,Free,0.0,251,3,0,1,7.0
2821,Free,0.0,225,4,0,0,9.08
2822,Premium,0.0,260,1,1,1,8.45
2823,Premium,9.99,820,4,1,0,1.71
2824,Free,9.99,135,4,1,1,1.7
2825,Premium,0.0,226,1,0,1,8.23
2826,Premium,0.0,315,3,0,0,9.28
2827,Free,9.99,806,4,1,1,4.88
2828,Premium,9.99,194,2,0,1,5.24
2829,Free,9.99,48,1,1,0,3.52
2830,Premium,0.0,232,5,1,1,9.0
2831,Free,9.99,193,3,1,0,6.63
2832,Free,0.0,504,1,1,0,3.24
2833,Free,9.99,436,5,1,0,3.34
2834,Premium,0.0,187,5,0,1,8.97
2835,Free,9.99,928,4,0,0,0.63
2836,Premium,9.99,437,4,0,0,3.57
2837,Free,9.99,303,4,1,1,5.77
2838,Free,9.99,861,1,1,0,1.91
2839,Premium,9.99,160,1,1,1,1.37
2840,Free,0.0,393,3,1,1,8.25
2841,Free,9.99,647,4,0,1,9.0
2842,Premium,9.99,822,5,0,1,8.32
2843,Free,9.99,317,2,1,0,9.04
2844,Free,0.0,345,3,1,0,5.75
2845,Free,9.99,955,1,1,0,8.22
2846,Free,0.0,755,3,0,0,4.15
2847,Premium,9.99,901,3,0,0,6.83
2848,Premium,9.99,384,3,0,1,9.89
2849,Free,0.0,17,3,1,0,2.64
2850,Premium,9.99,350,2,1,0,4.2
2851,Free,0.0,138,4,0,0,5.06
2852,Premium,0.0,785,5,1,1,1.81
2853,Free,9.99,678,3,0,1,1.27
2854,Free,0.0,361,3,1,0,8.38
2855,Free,9.99,367,3,0,1,9.78
2856,Free,9.99,526,4,1,0,4.34
2857,Free,0.0,504,1,0,0,1.33
2858,Free,0.0,95,1,0,1,1.13
2859,Premium,0.0,184,2,0,1,8.97
2860,Free,0.0,811,1,0,0,4.91
2861,Premium,9.99,202,3,0,0,3.54
2862,Free,9.99,320,3,0,1,5.03
2863,Premium,0.0,128,3,1,0,3.52
2864,Premium,9.99,227,2,1,1,5.15
2865,Premium,9.99,436,3,1,0,8.67
2866,Free,9.99,979,1,0,1,6.13
2867,Free,9.99,423,4,0,0,7.1
2868,Premium,0.0,123,4,1,0,3.96
2869,Free,0.0,987,5,0,1,7.52
2870,Premium,9.99,154,1,0,0,6.83
2871,Free,0.0,547,3,0,0,1.64
2872,Premium,0.0,657,4,0,1,5.94
2873,Premium,0.0,312,1,0,0,2.94
2874,Free,9.99,753,4,1,0,8.14
2875,Premium,9.99,890,3,1,0,4.55
2876,Free,9.99,597,4,1,1,9.95
2877,Premium,0.0,996,5,1,1,1.38
2878,Premium,9.99,849,5,1,1,7.91
2879,Free,9.99,354,4,0,0,6.9
2880,Free,0.0,823,1,0,0,7.79
2881,Free,9.99,973,1,0,0,3.42
2882,Premium,9.99,810,1,0,0,5.17
2883,Free,0.0,10,4,1,1,8.07
2884,Premium,0.0,156,1,1,0,2.71
2885,Premium,0.0,296,3,1,0,2.65
2886,Free,9.99,985,5,0,0,5.73
2887,Free,9.99,663,3,1,1,5.47
2888,Premium,9.99,62,1,0,0,3.18
2889,Premium,0.0,313,3,1,0,3.33
2890,Free,0.0,78,1,1,0,3.14
2891,Free,9.99,370,4,0,0,7.83
2892,Free,9.99,611,3,0,0,6.69
2893,Free,0.0,967,4,1,1,8.41
2894,Free,0.0,229,4,1,0,9.77
2895,Premium,0.0,971,2,0,0,5.0
2896,Premium,0.0,713,1,1,0,1.13
2897,Premium,9.99,975,5,1,0,0.96
2898,Premium,0.0,584,1,0,0,3.31
2899,Free,9.99,594,5,1,0,9.36
2900,Free,9.99,170,1,0,0,5.47
2901,Free,9.99,690,4,1,0,3.08
2902,Premium,0.0,98,3,0,0,4.29
2903,Premium,0.0,697,3,1,0,6.19
2904,Free,0.0,790,2,0,1,6.7
2905,Free,0.0,594,5,1,1,1.96
2906,Premium,9.99,766,5,0,1,9.78
2907,Premium,0.0,598,5,1,1,5.68
2908,Free,0.0,168,4,1,0,1.79
2909,Free,9.99,498,5,1,1,8.99
2910,Premium,0.0,980,3,1,1,1.21
2911,Free,9.99,333,4,1,0,9.12
2912,Free,9.99,619,1,1,1,9.97
2913,Free,9.99,390,5,1,1,7.15
2914,Premium,9.99,111,5,1,0,7.82
2915,Premium,9.99,503,1,1,0,3.7
2916,Premium,9.99,653,5,0,0,9.44
2917,Premium,9.99,623,1,0,1,5.53
2918,Premium,9.99,28,4,1,1,7.46
2919,Premium,0.0,463,3,0,0,9.28
2920,Premium,0.0,491,1,1,0,9.76
2921,Free,0.0,603,2,1,1,8.42
2922,Free,0.0,406,1,0,0,3.38
2923,Free,9.99,288,5,1,1,9.68
2924,Free,0.0,860,4,1,0,6.47
2925,Free,9.99,374,4,0,0,9.34
2926,Free,0.0,340,1,0,1,6.92
2927,Free,0.0,650,3,1,0,3.42
2928,Premium,0.0,353,2,0,0,4.02
2929,Premium,9.99,831,4,0,0,5.73
2930,Free,0.0,464,5,1,1,8.01
2931,Free,9.99,610,5,0,0,3.52
2932,Premium,9.99,734,3,0,0,6.01
2933,Free,0.0,664,4,1,0,3.78
2934,Free,0.0,74,1,0,0,8.25
2935,Premium,0.0,85,5,0,0,4.93
2936,Free,9.99,720,3,1,0,1.23
2937,Premium,0.0,152,4,1,1,2.08
2938,Free,9.99,926,4,1,1,1.08
2939,Premium,9.99,924,4,0,0,5.24
2940,Premium,0.0,837,4,1,1,1.51
2941,Premium,0.0,614,4,1,1,1.58
2942,Free,9.99,482,5,0,0,9.44
2943,Premium,9.99,426,3,1,1,8.79
2944,Free,9.99,314,4,1,1,4.79
2945,Free,0.0,745,2,1,1,9.87
2946,Free,9.99,506,2,1,1,0.5
2947,Free,0.0,300,3,0,1,6.33
2948,Premium,9.99,949,1,1,1,6.36
2949,Premium,9.99,111,1,1,1,4.85
2950,Free,0.0,995,1,0,1,4.27
2951,Free,9.99,276,2,1,0,4.83
2952,Premium,0.0,876,1,0,0,4.44
2953,Free,0.0,977,5,0,1,7.44
2954,Premium,9.99,631,4,0,1,1.79
2955,Free,0.0,983,2,1,0,2.38
2956,Free,0.0,851,3,0,1,2.21
2957,Premium,9.99,971,3,0,1,2.99
2958,Free,0.0,951,4,0,0,5.49
2959,Premium,0.0,786,2,1,0,1.56
2960,Free,0.0,12,1,1,0,8.75
2961,Free,9.99,94,1,1,1,3.32
2962,Free,0.0,803,5,1,1,2.04
2963,Premium,9.99,337,5,1,0,6.92
2964,Free,9.99,825,1,1,0,0.86
2965,Free,0.0,459,3,1,1,6.39
2966,Free,0.0,463,3,0,0,7.13
2967,Free,0.0,933,5,0,1,2.54
2968,Premium,9.99,638,4,0,1,0.9
2969,Premium,0.0,230,1,0,0,3.95
2970,Free,0.0,163,5,1,0,1.44
2971,Premium,0.0,674,5,0,1,1.61
2972,Free,0.0,21,1,0,0,2.92
2973,Free,0.0,142,1,0,0,3.31
2974,Free,9.99,313,3,0,0,5.53
2975,Premium,9.99,302,4,1,0,6.94
2976,Premium,0.0,984,4,1,1,6.13
2977,Premium,0.0,309,1,1,1,1.91
2978,Premium,0.0,749,2,0,1,2.13
2979,Premium,0.0,792,5,1,1,8.85
2980,Premium,9.99,52,5,0,0,5.8
2981,Premium,0.0,953,1,1,0,8.76
2982,Premium,9.99,352,2,1,1,4.03
2983,Premium,9.99,335,3,1,1,6.34
2984,Free,0.0,823,1,1,0,5.47
2985,Premium,9.99,507,1,1,1,3.53
2986,Premium,9.99,373,5,0,1,4.96
2987,Premium,9.99,900,1,1,0,5.27
2988,Premium,9.99,436,1,0,1,2.41
2989,Premium,0.0,30,1,0,0,3.49
2990,Premium,0.0,416,5,0,0,8.02
2991,Premium,9.99,628,3,0,1,9.2
2992,Premium,0.0,345,3,0,0,3.92
2993,Premium,0.0,824,1,1,1,3.42
2994,Premium,0.0,126,5,1,0,2.35
2995,Premium,0.0,133,3,1,1,6.95
2996,Free,0.0,408,3,1,1,3.57
2997,Free,9.99,802,3,0,1,9.88
2998,Premium,0.0,813,5,1,0,3.59
2999,Premium,0.0,724,5,1,0,4.24
3000,Free,0.0,60,1,0,1,6.23
